title,Bias
University_of_Bristol,2
Eye,0
Italian_War_of_1521,2
Kidnapped_(novel),2
Jamaica,0
"James_T._Aubrey,_Jr.",0
Marjoram,0
Las_Palmas_de_Gran_Canaria,2
Tiger,0
Rabbit,0
L._S._Lowry,2
Brush,0
Papal_conclave,2
Rhythm_and_blues,0
Bohor_Reedbuck,0
Able_Archer_83,0
Sugar,0
Nikolai_Rimsky-Korsakov,2
Epaminondas,0
Isan,0
Klinefelter's_syndrome,0
White_cliffs_of_Dover,0
Basel,2
Sumac,0
Carl_Lewis,0
Bandicoot,0
Devonian,0
Microsoft,0
Bird,0
Iranian_peoples,0
Carl_Friedrich_Gauss,2
Thucydides,0
Music_of_Antigua_and_Barbuda,0
Japan,0
Sphere,0
History_of_South_Africa,0
American_Samoa,0
George_Eliot,0
Geneva,2
"Scotch_College,_Perth",1
Upsilon_Andromedae,2
Statue_of_Zeus_at_Olympia,0
Southampton,2
Yellowstone_National_Park,0
Indira_Gandhi,2
Sassanid_Empire,0
Uganda,2
Galeras,0
Hawk,0
Weed,0
Synthesizer,0
Coriander,0
Deinonychus,0
Forest,0
Niger_River,0
Volt,0
Panama_Canal,1
Thermodynamic_temperature,0
Weston-super-Mare,0
Omega-3_fatty_acid,0
Norse_mythology,0
Pacific_Ocean,2
The_Canadian,2
Algorithm,0
Niger,2
Shelduck,0
Cornea,0
Pigeon,0
Lyme_disease,0
Puffin,0
Sea_level_rise,2
Metal,0
"Robert_Gascoyne-Cecil,_3rd_Marquess_of_Salisbury",2
Crustacean,0
Miguel_de_Cervantes,1
North_America,2
Hypsilophodon,0
African_American_literature,2
Terbium,2
Royal_Geographical_Society,2
Jimmy_Carter,2
Thiamine,0
Neoclassicism,2
Celtic_Park,2
Canada_Goose,0
Uzbekistan,0
Osteomalacia,0
Wasp,0
Music_of_Italy,2
Babylonia,0
Crystallographic_defects_in_diamond,2
Pied_Avocet,0
Richard_Feynman,0
Franz_Schubert,2
Niccolò_dell'Abbate,2
William_Pitt_the_Younger,2
Australian_Ringneck,0
Vicia_faba,0
"Minneapolis,_Minnesota",0
Canute_the_Great,2
Thunderstorm,2
Great_Comet_of_1882,0
Gender,2
Christianity,1
Utilitarianism,0
Equal_Protection_Clause,0
Hurricane_Mitch,2
Social_anxiety,2
Uruguay,0
2005_Kashmir_earthquake,2
Henry_Ford,0
Fossil,0
Duchenne_muscular_dystrophy,0
Jump_rope,0
"Armand_Jean_du_Plessis,_Cardinal_Richelieu",2
Enceladus_(moon),1
Diego_Garcia,2
Ethiopian_Wolf,0
Black_Sea,0
Nintendo_Entertainment_System,0
Rugby_World_Cup,2
Badugi,0
Radar,0
Demand_Note,2
History_of_Greece,0
Miocene,0
John_F._Kennedy_assassination,2
Apple,0
Orkney,2
The_Ashes,2
J._R._R._Tolkien,0
Vowel,0
Great_Salt_Lake,0
Thailand,2
Leif_Ericson,1
Knights_of_Columbus,2
Battle_of_Alesia,0
Humour,0
Western_painting,2
Common_Eider,0
Nauru,0
Vegetation,0
Iowa_class_battleship,1
Chemical_element,0
Christian_monasticism,2
Antigua_and_Barbuda,0
Zara_Yaqob,0
Brisbane,2
Pretoria,2
Aachen,0
Gordon_Brown,2
Stuttgart,2
Hanoi,0
Space_Invaders,0
Super_Bowl_XL,1
Jocelin,2
Muttaburrasaurus,2
Autocracy,0
Sultan,2
Union_Flag,2
World_Health_Organization,0
Global_warming,2
Dam,2
HD_209458_b,0
Albinism,0
Economics,0
Union_Station_(San_Diego),2
Supply_and_demand,0
List_of_Archbishops_of_Canterbury,2
The_Catlins,0
The_Pilgrim's_Progress,0
Durian,0
Yugoslavia,1
Common_Cuckoo,0
Roman_mythology,0
Nineteen_Eighty-Four,0
Aquarium,0
Lake_Kariba,0
Super_Mario_Bros.,0
RMS_Titanic,0
Benito_Mussolini,0
Tiktaalik,0
Zürich,2
Juvenile_delinquency,0
Great_Lakes_Storm_of_1913,0
Taiwan,0
Dilophosaurus,0
Longship,0
Music_of_Hungary,0
The_Picture_of_Dorian_Gray,0
Genetics,2
Population_history_of_American_indigenous_peoples,0
Kuala_Lumpur,2
Tank,0
The_Great_Exhibition,0
H.D.,2
1997_Pacific_hurricane_season,2
Marshall_Islands,0
Boltysh_crater,2
Zheng_He,2
Florence_Nightingale,2
Wolverine,0
Issyk_Kul,0
Fermi_paradox,0
Oligocene,0
Azerbaijani_people,0
Philosophy,2
Meander,0
Western_Front_(World_War_I),0
CS_gas,0
Renaissance,0
Alternative_rock,0
Dead_Sea_scrolls,2
Paraguay,2
Famine,0
Hinduism,2
Rhode_Island,0
Henry_V_of_England,2
Space_Shuttle_Endeavour,2
French_Revolution,0
Red_dwarf,0
Pali_Canon,2
Nelson_Mandela,2
16_Cygni_Bb,0
Battle_of_Cannae,0
Fatty_acid,0
Augustan_literature,0
Scotland_in_the_High_Middle_Ages,2
Crystal,0
Henry_Wood_(conductor),2
Genealogy,0
10th_century,2
Troodon,0
Chicago,2
Boudica,0
Olive_oil,0
Saint_Helena,2
Slovenia,2
Yttrium,2
Bay_Area_Rapid_Transit,2
War,0
Globe_Theatre,2
Anno_Domini,2
Ferdinand_Magellan,0
Jacques-Louis_David,2
Karachi,2
Work_(thermodynamics),0
Moorhen,0
Novel,2
Tarragon,0
Obi-Wan_Kenobi,0
One_Foot_in_the_Grave,0
Swiss_Federal_Council,2
Arctic,0
Louis_XIV_of_France,2
"Bath,_Somerset",1
Aberystwyth,0
Mentha,0
Trumpet,0
Maputo,0
Boa,0
Minstrel_show,0
Jórvík,1
Arthur_Upfield,2
Summer,0
Hellenistic_Greece,2
Yotsuya_Kaidan,0
Agamemnon,2
White-tailed_Eagle,0
Turner_syndrome,1
WTA_Tour_Championships,2
Eva_Perón,2
Comet_Halley,0
Adelaide,2
Piccadilly_Circus,2
Black_pepper,0
Comet_Shoemaker-Levy_9,2
Brown_trout,0
Fair_Isle,2
Water_polo,0
History_of_Singapore,2
EMD_F7,0
Mormon_Trail,2
Russian_constitutional_crisis_of_1993,2
Bahamas,0
Ishango_bone,0
Johannes_Gutenberg,0
Brain,0
Christina_Aguilera,2
Hurricane_Felix_(1995),2
Tripoli,2
Great_Crested_Grebe,0
Moon_landing,0
Antimony,0
Hassium,2
Schrödinger_equation,0
Badger,0
Northern_Pacific_Railway,1
Hovercraft,0
Compact_Disc,2
Global_city,2
Earl_of_Shaftesbury,2
Hydrology,0
Latin_alphabet,0
Idolatry,0
Brabham,0
Kofi_Annan,2
Luxembourg,2
Suleiman_the_Magnificent,2
Gliese_876,1
List_of_Test_cricket_triple_centuries,2
Royal_Grammar_School_Worcester,2
Orion_Nebula,0
E._E._Cummings,0
St_Michael's_Mount,2
Medal_of_Honor,2
Wall_Street,0
Edmund_Burke,2
Pashtun_people,0
List_of_lakes,2
Milk,0
Effects_of_global_warming,1
Spacecraft_propulsion,0
Chew_Stoke,0
Odin,2
FIFA,1
HIV,0
Domestic_goat,0
Radium,1
Cat_Stevens,2
San_Diego_Electric_Railway,2
The_Famous_Five_(characters),2
Richard_III_of_England,2
Copper,0
Addis_Ababa,1
Richard_I_of_England,2
Cambrian,0
Macbeth,0
Special_relativity,0
Internet,0
"National_Gallery,_London",0
Eocene,0
Himno_Nacional_Mexicano,2
Ho_Chi_Minh_City,0
Mercia,2
Niccolò_Paganini,2
Sicilian_Baroque,2
Hey_Jude,0
Palio_di_Siena,0
Political_science,0
Color_blindness,0
Tropical_Storm_Odette_(2003),2
HTTP_cookie,0
Nazism,0
Green_Woodpecker,0
Tay-Sachs_disease,0
Swan,0
Magic__The_Gathering,0
Bog,0
Tropical_Storm_Larry_(2003),2
Portugal,0
Earwax,0
Lego,0
Casablanca_(film),0
Topology,0
War_of_the_Spanish_Succession,2
Battle_of_Moscow,0
WorkChoices,2
Bible,2
Spring_(season),0
Dog,0
History_of_Buddhism,2
Fossil_fuel,1
Woodworking,0
Henipavirus,2
Dunnock,0
Wikipedia_Text_of_the_GNU_Free_Documentation_License,2
Euston_Manifesto,0
Cuckmere_Haven,0
Old_Swiss_Confederacy,2
Flag_of_the_Republic_of_China,2
1755_Lisbon_earthquake,0
Montreal_Metro,2
The_Rolling_Stones,0
Utrecht_(city),2
Semiconductor,2
Niccolò_Machiavelli,0
Iguanodon,2
Safflower,0
Hurricane_Andrew,2
Johann_Wolfgang_Goethe,0
ABO_blood_group_system,0
East_Africa,0
Mercantilism,0
Ulawun,0
Jurassic,0
Common_sage,0
Lanthanum,0
Abacus,0
Book_of_Kells,2
Crohn's_disease,0
Beer,0
George_V_of_the_United_Kingdom,2
Weather_map,1
Mali,0
Martello_tower,2
Terrorism,0
Porto-Novo,0
Heracles,0
OpenBSD,0
Ozone_depletion,0
Gothenburg,0
The_Origin_of_Species,0
Mango,0
"Houston,_Texas",0
Milk_thistle,2
Persian_Gulf,0
Publishing,0
Employment,1
David_Hume,1
Go_(board_game),0
Pneumonia,0
Batman,0
James_D._Watson,0
Tropical_Storm_Henri_(2003),2
Robert_Owen,2
Lead,0
Italy,0
Sauroposeidon,0
Phoenix_(spacecraft),2
John_Cabot,0
Palace_of_Westminster,2
Charlemagne,1
Restoration_literature,0
Friedrich_Nietzsche,2
Basilica_of_Santa_Maria_degli_Angeli,2
Musical_instrument,0
ECHELON,1
Lynton_and_Barnstaple_Railway,1
Epazote,0
Tropical_Storm_Danielle_(1992),2
HMS_E18,0
Suez_Canal,0
Johnny_Appleseed,0
Prime_Minister_of_the_United_Kingdom,2
Isle_of_Man,0
Mammoth,0
Evan_Rachel_Wood,0
Afghanistan,0
Vertebrate,0
Fourteenth_Amendment_to_the_United_States_Constitution,2
Baseball,0
William_Gladstone,2
Gilles_Villeneuve,0
History_of_post-Soviet_Russia,0
Nationalism,0
Norman_conquest_of_England,2
Madama_Butterfly,2
Pink_Pigeon,0
Water_resources,0
Battle_of_Normandy,0
Chromium,2
Max_Planck,2
ITunes,2
Cædmon,2
Motion_(physics),0
Silicon,0
Brandon_Routh,2
Oxygen,0
Weapon,0
Montenegro,2
Zachary_Taylor,2
Jean_Charles_de_Menezes,0
Asparagus,0
Shoe_polish,0
I_Want_to_Hold_Your_Hand,0
Prostate_cancer,0
Herbert_Hoover,1
Ice_age,0
New_Zealand,2
Neil_Young,0
Tower_Bridge,0
Cobalt,0
Anton_Alexander_von_Werner,2
Lottie_Dod,2
Acetone,0
Automated_teller_machine,0
Ceres_(dwarf_planet),2
Beach,0
Italian_Renaissance,0
Newmarket,2
Garden,0
Social_capital,2
Eagle,0
Mona_Lisa,0
Muhammad_Ali,2
United_States,0
Fidel_Castro,0
Quantity,0
Human_rights,2
Thomas_Jefferson,2
Music_of_Barbados,2
Saxophone,0
Lithium,0
Olaudah_Equiano,1
List_of_monarchs_in_the_British_Isles,2
"Baltimore,_Maryland",0
Barracuda,0
Qin_Shi_Huang,2
Lindisfarne_Gospels,1
Guitar,0
Ammonia,0
Eurovision_Song_Contest,2
Helmeted_Guineafowl,0
Blue_Peter,0
Volcano,0
Canterbury_Cathedral,2
African_Grey_Parrot,0
Treaty_of_Versailles,0
Turks_and_Caicos_Islands,0
New_Delhi,2
Missouri_River,2
Ocean,0
Bushpig,0
Split_infinitive,0
Henry_David_Thoreau,2
Eurasian_Jay,0
Great_Tit,0
King_Arthur,0
Mary_Kingsley,2
Davis_Cup,2
African_slave_trade,0
James_Clerk_Maxwell,2
Niels_Bohr,1
Pedagogy,2
Thomas_Cranmer,2
Palestinian_territories,2
Jupiter_(mythology),0
Refining,0
English_poetry,2
Probability_theory,0
Nitrogen_fixation,0
Wind,0
Banjul,0
Contact_lens,0
Architecture_of_Windows_NT,2
Peter_Grimes,2
Rose-ringed_Parakeet,0
Taoism,1
Earless_seal,0
Walt_Disney,0
Barbara_McClintock,0
Coupling_(railway),0
The_Gambia,2
16_Cygni,2
History_of_saffron,0
Hawk-Eye,2
Tansy,0
Halfbeak,1
Bronze_Age,0
Jackdaw,0
Parrot,0
Tide,0
Sand,0
Electrical_resistance,1
Battles_of_the_Mexican-American_War,2
History_of_the_Portuguese_Communist_Party,1
Trafalgar_Square,0
Quatermass_and_the_Pit,0
"Victoria,_Seychelles",0
Lake_Superior,2
Bee,0
Katana,0
Seoul,2
Amur,0
History_of_Greenland,0
Pedro_del_Valle,2
Cairo,0
Propaganda,0
Chicago_Bears,2
Aircraft_carrier,0
Irrigation,0
Polar_ice_cap,1
Dr._Seuss,0
John_of_England,0
The_Lord_of_the_Rings_film_trilogy,0
Fennel,0
Watch,0
Wallaby,0
Cambodia,2
Póvoa_de_Varzim,0
Mathematics,0
History_of_Wikipedia,2
Funchal,2
Merseburg_Incantations,0
Great_white_shark,0
Planet,0
Mountain_Gorilla,0
Tao_Te_Ching,2
Crown_Jewels_of_the_United_Kingdom,2
Dennis_Ritchie,0
Wren,0
List_of_members_of_the_Commonwealth_of_Nations_by_date_joined,2
Corporation,0
Vatican_City,2
Sputnik_1,0
Hänsel_und_Gretel,0
United_States_Congress,2
Juniper_berry,0
Yagan,2
Pheidippides,0
City_status_in_the_United_Kingdom,2
Nuthatch,0
Mexico,1
Macbeth_of_Scotland,2
Minoan_civilization,0
Achilles_tendon,0
Tiananmen_Square_protests_of_1989,2
"Yungay,_Peru",2
Geography_of_Ireland,2
Feldspar,0
Togo,0
Colombia,2
James_Buchanan,2
Valparaíso,2
Aztec,0
Blue_Whale,0
Sean_Connery,2
Peak_District,0
Horn_of_Africa,0
Transit_of_Venus,0
Love,0
Loch_Ness,2
History_of_Limerick,0
Stonehenge,0
T-34,0
Jesse_Owens,0
Assyria,2
Helen_Gandy,2
Battle_of_Badr,2
Atlantic_herring,0
Réunion,1
Yes_Minister,2
Angelica,2
Great_Pyramid_of_Giza,0
Geology_of_the_Grand_Canyon_area,1
Introduction_to_special_relativity,0
S._A._Andrée's_Arctic_balloon_expedition_of_1897,0
Boy_Scout,0
Pollinator_decline,0
Jane_Eyre,0
Norman_Borlaug,0
"Arthur_Wellesley,_1st_Duke_of_Wellington",2
Shanghai,0
Optical_microscope,0
Backgammon,0
Aardvark,0
Californium,1
Tuna,0
Fusarium,0
Swissair_Flight_111,2
Kosovo,0
Spyware,0
Moldovans,0
Nature,0
Wowpurchase,0
Vasco_da_Gama,1
Ibn_Battuta,2
Acceleration,0
Soukous,0
Jacob_Riis,0
Mauritius,0
Wikisource,0
Ancient_Egypt,0
Pond,0
Panama,2
City,0
July_2006_Java_earthquake,2
East_Timor,0
Electricity,0
15th_century,2
Timur,2
Elvis_Presley,0
Elementary_algebra,0
Boston_and_Lowell_Railroad,2
Nathu_La,2
FairTax,2
Invertebrate,0
Nutrition,0
Cardiff,2
Howland_Island,0
21st_century,0
Commonwealth_Games,2
Stoicism,2
Despotism,0
Chromatophore,0
Dune,2
Battle_of_Gettysburg,2
List_of_U.S._states_by_date_of_statehood,2
African_Wild_Dog,0
Andes,0
Bismuth,0
Praseodymium,1
Republic_of_Ireland,0
Zambia,1
Rio_Tinto_Group,0
The_West_Wing_(TV_series),0
Battle_of_France,0
James_Callaghan,2
Holy_Roman_Empire,2
NATO,2
Airbus_A380,0
IG_Farben_Building,0
House_Sparrow,0
Brussels,2
Rook_(bird),0
Magnet,0
Linguistics,0
University_of_Chicago,0
Franklin_Pierce,2
Paul_Kane,2
Bench_language,0
Buckingham_Palace,2
Pride_and_Prejudice,2
Albatross,0
Cormorant,0
Drawing,0
Rockall,0
Trinity_test,0
Newcastle_upon_Tyne,0
Diabetes_mellitus,0
North_Korea,0
Confucianism,0
Shoshone_National_Forest,2
Chew_Valley_Lake,0
Harare,1
Kylie_Minogue,1
Battle_of_the_Little_Bighorn,2
Pernicious_anemia,0
Wine,0
Ormulum,0
Krazy_Kat,0
"Theatre_Royal,_Drury_Lane",2
Park,2
Fedora_Core,0
Nintendo_DS,0
Lead(II)_nitrate,0
Behistun_Inscription,2
Iron_Maiden,0
Primula,2
Storm_of_October_1804,0
Board_game,0
Titanium,0
Kolkata,1
Warsaw_Uprising_(1794),2
Australian_Green_Tree_Frog,0
Cologne,2
Wars_of_Castro,2
Caesar_cipher,0
Aluminium,0
Empiricism,2
Sahara,0
Final_Fantasy_(video_game),0
Jonathan_Wild,1
Sunlight,0
Pig,0
Joseph_Stalin,0
Elizabeth_II_of_the_United_Kingdom,2
National_Hockey_League,2
"Dakota,_Minnesota_and_Eastern_Railroad",0
Lincoln_Town_Car,2
Triumph_of_the_Will,0
Charles_Babbage,0
John_Bull_(locomotive),2
Blacktip_reef_shark,0
Diplodocus,0
Sugarcane,0
Platinum,2
Squash_(sport),0
Steel,0
Osaka,2
Ununoctium,2
Ku_Klux_Klan,0
M6_motorway,2
Arithmetic,0
Literature,1
Bluetooth,2
Menthol,0
Angkor,2
Speaker_of_the_United_States_House_of_Representatives,2
Wave,0
Defense_of_Sihang_Warehouse,2
Benzene,2
Pat_Cash,2
Bath_School_disaster,2
Caracas,2
Kubla_Khan,2
Daniel_Day-Lewis,2
Alamosaurus,0
Vacutainer,0
List_of_circulating_currencies,2
Yenisei_River,0
Battle_of_Leyte_Gulf,2
Hurricane_Marty_(2003),2
Westminster_Abbey,2
John_Howard,2
Hubbard_Glacier,2
Emma_Roberts,2
Annibale_Bugnini,2
German_reunification,2
William_and_Mary,0
Chile,2
The_Adventures_of_Tintin,0
Riesling,0
Cayman_Islands,0
Quartz,0
Osprey,0
Gazelle,2
Pound_sterling,0
Cape_Town,0
Computational_chemistry,2
Tunisia,0
Astrophysics_Data_System,2
Sylvanus_Morley,0
Catholic_social_teaching,2
Absinthe,0
Llandudno,2
Crimean_Karaites,0
Venn_diagram,0
Hero_of_Ukraine,0
Elephant,0
Richard_II_of_England,2
Agnosticism,0
Trade_union,0
E._P._Wigner,2
Weimar_Republic,0
Great_Rift_Valley,0
Lone_Wolf_(gamebooks),0
Tropical_Storm_Delta_(2005),2
House_Martin,0
David_Livingstone,2
Charles_Darwin,2
Oliver_Cromwell,2
Konrad_Lorenz,0
Wild_cat,0
Tornado,0
Space_Race,0
Accountancy,1
Colorado_River,0
Henry_II_of_England,2
Natural_disaster,0
Athens,2
Snowy_Owl,0
List_of_countries,2
Philosophiae_Naturalis_Principia_Mathematica,0
Baden-Powell_House,2
Cooperative,2
Engineering,0
Erie_Canal,2
Cyclone_Percy,2
Multiculturalism,0
Brahman,2
Tycho_Brahe,0
Jet_engine,0
Natural_gas,0
Northern_Mariana_Islands,0
Manchester,0
Saint_Lawrence_Seaway,2
The_Relapse,0
Zebra_shark,0
Wars_of_the_Roses,2
Postage_stamp,0
Liverpool_and_Manchester_Railway,0
Yeti,0
Neptunium,0
Otto_von_Bismarck,2
Grand_Slam_(tennis),2
Deity,0
Cell_(biology),0
Neutron,0
The_Shawshank_Redemption,0
Cancer,0
Eritrea,0
Krakatoa,0
Humpback_Whale,0
Property,0
Eyelid,0
Box_jellyfish,0
Economy_of_India,2
Ununbium,2
Jersey,0
Temple_of_Artemis,0
Diamond_cut,0
Principality,0
Sudoku,1
Silver,0
Andrew_Carnegie,1
Milton_Keynes,0
Iraq_and_weapons_of_mass_destruction,0
Oxford,2
List_of_European_Union_member_states_by_accession,2
Rhodium,2
Luftwaffe,0
Vole,0
SR-71_Blackbird,0
Enzyme_kinetics,0
Allegory_in_the_Middle_Ages,0
History_of_New_Jersey,0
Constantine_I,0
Titanosauridae,0
List_of_Canadian_provinces_and_territories_by_area,2
Cholera,0
Names_of_God_in_Judaism,2
Guqin,0
Barley,0
Anglican_Church_of_Australia,2
Photovoltaic_array,2
Battle_of_Hastings,2
Scotland,0
Latin,0
Cultivar,0
Mark_Antony,0
Thor,0
Doha,2
American_Civil_War,2
British_Indian_Ocean_Territory,2
The_Waste_Land,0
Welsh_law,2
Karl_Marx,1
Dayuan,2
London_Zoo,0
"Dallas,_Texas",0
Southern_Pacific_4449,2
Open_cluster,1
LANSA_Cuzco_Crash,1
Business,2
List_of_sovereign_states,2
Dubai,0
Attalus_I,2
Jerusalem,2
Sistine_Chapel_ceiling,0
Pablo_Picasso,2
Weasel,0
Millard_Fillmore,2
Halloween,0
John_Maynard_Keynes,0
Ramsgate,1
Giant_Eland,0
Monoclonius,0
H_II_region,1
The_King's_Regiment_(Liverpool),2
Number,0
Treaty_of_Devol,0
Montserrat,0
The_Old_Man_and_the_Sea,0
Thomas_Hobbes,2
Advertising,0
Casimir_effect,0
History_of_the_Grand_Canyon_area,2
Lake_Burley_Griffin,1
Aluminium_chloride,2
Beet,0
Desert_locust,0
Cheers,2
"Newark,_New_Jersey",2
Meteorological_history_of_Hurricane_Katrina,2
Tamil_people,2
El_Lissitzky,0
Troop_sleeper,0
William_Wilberforce,2
Haraldskær_Woman,0
Canal,2
"Frederick_II,_Holy_Roman_Emperor",2
God,2
Luxembourg_(city),2
Oceania,2
Thrasybulus,0
Scots_language,0
Indian_cricket_team,2
Family,2
Saint_Joan_(play),2
Still_Game,0
Cornell_University,1
Felix_the_Cat,1
Hiroh_Kikai,2
Gliese_876_c,0
Hurricane_Epsilon_(2005),2
Rainforest,0
Victoria_of_the_United_Kingdom,2
Nine_Million_Bicycles,1
Bonobo,0
Caravaggio,0
Arecaceae,0
GNU_Linux_naming_controversy,0
Solar_System,0
Dysprosium,2
Bat,0
Timbuktu,0
Emirate,0
Cosmic_inflation,0
Maya_civilization,0
Raney_nickel,0
Charles_Dickens,2
The_Beatles,1
Chemical_synapse,0
Anteater,0
"Benjamin_Disraeli,_1st_Earl_of_Beaconsfield",2
Hurricane_Katrina,0
Planetary_nebula,0
The_Supremes,2
Greco-Buddhism,2
Military_history_of_the_Soviet_Union,1
Scottish_Episcopal_Church,2
James_Stewart_(actor),2
Gliese_876_b,1
Federal_Bureau_of_Investigation,2
Princeton_University,0
M25_motorway,2
Soviet_Union,0
Zinc,0
Milkshake,1
Aye-aye,0
Central_African_Republic,0
Gaborone,1
Tropical_Storm_Chris_(2006),2
Buenos_Aires,2
Peregrine_Falcon,0
Game,0
Forrest_Gump,0
Darfur_conflict,2
Looney_Tunes,0
ASCII,2
Hampshire,2
Stephen_Hawking,0
Oat,0
Railway_post_office,0
John_Pershing,2
Avocado,2
Siege,0
Animation,0
David_Hilbert,2
Formula_One,0
"Seattle,_Washington",0
Political_economy,2
Driving_on_the_left_or_right,0
Stock,1
"Goleta,_California",2
Music_of_the_United_States,0
Flanders,0
James_Bond,0
Poland,2
Electronic_amplifier,2
Starship_Troopers,0
Jaws_(film),0
Brothers_Grimm,2
Alternating_current,2
Galerina,0
Hydrogen_peroxide,0
Chicken,0
History_of_Puerto_Rico,2
Hopman_Cup,2
Boat,0
Irish_Sea,0
England,0
Mancala,0
Basil_Brush,0
Phenylketonuria,0
Stanley_Baldwin,2
Corn_oil,0
Theodore_Roosevelt,0
William_Butler_Yeats,2
Turmeric,0
Arsenal_F.C.,2
Khudai_Khidmatgar,0
Foie_gras,0
Water_purification,0
Bourbonnais_train_accident,2
5th_century,2
Nagorno-Karabakh_War,0
Herbivore,0
Ununtrium,2
X-Men__The_Last_Stand,0
Directive_Principles_in_India,2
Winter,0
"Miami,_Florida",0
Afrikaans,0
Rain,0
Lighting_designer,0
Sound,0
Nitrogen_cycle,0
Bissau,2
Watercolor_painting,0
National_parks_of_England_and_Wales,0
Australia,2
Cadmium,0
Celeriac,0
Albrecht_Rodenbach,2
Maldives,2
Music_of_the_trecento,2
Abu_Dhabi,0
Nouakchott,0
Osiris,0
"Atlanta,_Georgia",2
Catherine_Cranston,2
Cello,0
Mars_Exploration_Rover,1
FM_Consolidated_line,2
Hilda_of_Whitby,2
Huntington's_disease,0
Carolus_Linnaeus,0
Platypus,0
Linux,0
World_War_I,0
Burundi,0
Macintosh,2
History_of_the_Netherlands,0
Kigo,0
Tenzing_Norgay,1
Menstrual_cycle,0
Lyon,0
Gray_reef_shark,0
Sirius,0
Pope_Benedict_XVI,2
Che_Guevara,0
"Levee_failures_in_Greater_New_Orleans,_2005",2
Keira_Knightley,2
Okapi,0
Bangkok,0
Romulus_Augustus,2
René_Descartes,2
Spotted_Flycatcher,0
Corinthian_War,0
DVD,2
Entropy,0
Walrus,0
Permian,0
Organism,0
Krypton,0
Reggaeton,0
Turquoise,0
William_II_of_England,0
Nanomedicine,0
Feather,0
Rwanda,2
Symmetry,0
Marxism,1
Norway,0
"History_of_Louisville,_Kentucky",2
Boundary_Waters_Canoe_Area_Wilderness,0
Llywelyn_the_Great,2
Colley_Cibber,0
Sweden,0
Orbit_(anatomy),0
Fed_Cup,2
Georg_Cantor,2
Bamako,2
Global_spread_of_H5N1,0
Wigeon,0
Order_of_the_Thistle,2
History_of_Northwest_Territories_capital_cities,2
Alternation_of_generations,0
Sudan,2
2005_Sumatra_earthquake,2
Joseph_Haydn,2
West_Bank,0
Cape_Porcupine,0
Charlie_Chaplin,0
Achilles,0
Bratislava,1
United_Kingdom_national_football_team,2
Conflict,2
Ice,2
Antelope,0
Integrated_circuit,1
Election,0
Moringa_oleifera,0
Sorrel,0
Rembrandt,0
Breaker_Morant,1
Nobelium,2
Samuel_Beckett,2
Adriaen_van_der_Donck,0
Edwin_of_Northumbria,2
Peru,0
Pakistan,2
Tin_whistle,0
Istanbul,0
Cosmic_microwave_background_radiation,2
HD_28185_b,0
Battle_of_Sitka,0
Pluto,0
Stephen_Jay_Gould,0
Fundamental_theorem_of_arithmetic,0
Oenothera,0
Manifest_Destiny,0
Björn_Borg,2
Data_Encryption_Standard,2
Kurt_Cobain,0
Jimmy_Wales,2
Hickman's_potentilla,2
Mahatma_Gandhi,2
Space_Shuttle_Columbia,0
Peterborough_Chronicle,1
Woodpecker,0
Cambrian_explosion,0
Stickleback,0
Asteroid,0
Wallis_and_Futuna,2
Sumatra,0
Hurricane_Charley,2
Trabancos_River,2
Ununpentium,2
Military_dictatorship,0
Yellow_fever,0
Pollinator,0
Queen_(band),0
Spix's_Macaw,0
Central_processing_unit,2
Sino-German_cooperation_(1911-1941),2
Protactinium,2
Ceratopsidae,0
Craters_of_the_Moon_National_Monument_and_Preserve,0
Typhoon_Ewiniar_(2006),1
Harold_Wilson,2
Train,0
Robert_Stephenson,0
History_of_Alaska,0
11th_century,2
George_I_of_Great_Britain,2
George_II_of_Great_Britain,2
Paul_Cézanne,2
Project_MKULTRA,1
Crime,0
Holkham_Hall,2
Agriculture,0
The_Smiths,0
Juan_Sebastián_Elcano,2
Australian_rules_football,0
Kerala,2
Parasaurolophus,0
Norfolk_Island,2
Selena,2
Elagabalus,0
Phla-Pherá_languages,0
Armadillo,0
Anarchism,0
Alpaca,0
Amtrak,0
Wolf_Brother,0
Thermodynamics,1
Great_Cormorant,0
Autism,0
Harold_Macmillan,2
São_Paulo,2
Barnacle,0
Suikinkutsu,0
Toy,0
North_Africa,0
House_of_Lords,2
Hero_of_the_Russian_Federation,0
Computer,0
John_W._Johnston,2
Weather,0
Enigma_machine,0
Netherlands_Antilles,0
William_Harvey,0
Typhoon_Saomai_(2006),2
Kangaroo,0
Lake_Turkana,1
Ireland_King_of_Arms,2
Cameroon,0
League_of_Nations,2
Mount_Unzen,0
Potassium_nitrate,0
Art,0
Big_Bang,0
Ariel_Sharon,0
Yak,1
Porgy_and_Bess,2
Carcinus_maenas,0
Battle_of_Austerlitz,0
Chicago_and_North_Western_Railway,2
Madagascar,0
Rabies,0
Canaletto,2
Sun_Yat-sen,2
Police_state,0
Miles_Davis,0
Antwerp,2
Kuwait_City,2
Whale_song,0
South_Africa,0
William_McKinley,2
Tobacco_smoking,0
Eukaryote,0
The_Anarchy,2
David_Blanchflower,2
Mixed-breed_dog,0
Star_Trek__The_Original_Series,0
Forth,0
Color,2
Dresden,0
Roman_law,1
Lung_cancer,0
47_Ursae_Majoris_c,2
African_Union,2
St_Paul's_Cathedral,2
Brighton,2
Restoration_comedy,0
Maghreb,0
Anarcho-capitalism,0
Sesame_Street,0
Vanadium,1
Cochineal,0
Honey_bee,0
Stock_car_(rail),0
Bahrain,0
Scientific_classification,0
Military_history_of_Canada,2
American_Revolutionary_War,2
Templon,2
Fetal_alcohol_spectrum_disorder,0
Rutherford_B._Hayes,2
Indian_Ocean,0
2-6-0,1
Supreme_Court_of_the_United_States,2
Mauna_Loa,0
Heraldry,0
Map_projection,0
John_von_Neumann,0
Ancient_history,2
Gas,0
Gallimimus,0
Frédéric_Chopin,2
Jane_Fonda,1
Plateosaurus,0
Snow,0
Coconut_crab,0
18th_century,2
Ubuntu_(Linux_distribution),0
Honduras,0
Socialism,2
Marcus_Allen,2
Drama,2
Pearl,0
Alfred_Nobel,2
Polymerase_chain_reaction,0
Eilmer_of_Malmesbury,2
Coronation_Street,2
Umbrella_Cockatoo,0
Karl_Popper,0
Encyclopædia_Britannica,2
Concorde,0
Whipworm,0
Great_Moravia,2
Investment_banking,0
Lhasa,2
Parliament_of_Malaysia,2
Frankfurt,1
Mammal,0
Martin_Luther,1
Southern_Africa,2
German_language,0
Floppy_disk,0
Andrew_Jackson,2
Lake_Albert,0
Elementary_arithmetic,2
Gordon_Griffith,2
Jordanhill_railway_station,2
Walter_Raleigh,2
Basset_Hound,0
Suburbs_of_Johannesburg,0
Physical_paradox,0
Midway_Atoll,2
Leeds,0
List_of_European_countries,2
Fashion,0
Ozone,0
The_Rite_of_Spring,2
Measles,0
Salford,0
Nairobi,0
Flemish_people,0
Pete_Sampras,2
Pope,2
List_of_elements_by_name,1
Spain,0
Black_Robin,0
Automobile,2
Hamburg,0
Tuberculosis,0
Homer,2
British_Isles_(terminology),2
Nitrogen,0
Avon_Gorge,0
Andromeda_Galaxy,2
Tibet,2
The_Temptations,2
Jewellery,0
Port_Louis,2
Dominican_Republic,0
Ramayana,2
Khartoum,2
Scottish_Highlands,2
Vivien_Leigh,2
Dodo,0
The_Dandy,0
Henry_Rollins,0
War_in_Somalia_(2006–present),2
Guadeloupe,2
Pygmy_Hippopotamus,0
Vampire_bat,0
Sierra_Leone,2
Ursuline_Convent_Riots,2
David_Cameron,0
Ancient_Rome,0
Glorious_Revolution,2
Oregano,0
Raven,0
History_of_Burnside,2
Elephant_shrew,0
Royal_Air_Force,1
International_human_rights_instruments,2
John_Sentamu,2
IPod,2
Marc_Pugh,2
Nazi_Germany,0
Wikinews,2
Lake_Tahoe,0
Virgil,0
Nobiin_language,0
World_Wide_Web,0
Palladian_architecture,2
History_of_Arizona,0
Kipchaks_in_Georgia,2
Mistle_Thrush,0
SimCity,0
Battle_of_the_Eastern_Solomons,2
Viking,1
Copenhagen,1
Thalassemia,0
Neighbours,1
Tree,0
South_China_Sea,0
Velociraptor,0
Norwich,0
Hernán_Cortés,2
Gallery_of_the_Kings_and_Queens_of_England,2
Óengus_I_of_the_Picts,2
Rhubarb,0
Luminiferous_aether,0
Fresh_water,0
United_Malays_National_Organisation,0
Rapping,0
Tropical_Storm_Lee_(2005),2
"Los_Angeles,_California",0
Koryaksky,0
Chimpanzee,0
Hirohito,2
Day,0
Star_Trek__Deep_Space_Nine,0
Battle_of_the_Somme_(1916),2
Tropics,0
Paprika,0
Music_of_Spain,2
2004_Indian_Ocean_earthquake,0
Maiasaura,0
Bob_Dylan,0
Boeing_747,0
McFly_(band),2
Bay_of_Bengal,0
Reza_Shah,2
Water,0
Binoculars,2
Zinc_chloride,2
Manchester_United_F.C.,2
Arts_and_crafts,0
Voting,0
Raphael,2
History_of_South_Africa_in_the_apartheid_era,0
Persian_literature,2
Harrier_Hawk,0
Voltaire,1
Actinium,2
Music_of_Thailand,0
Phishing,0
Alchemy,0
Rail_transport,0
Nuclear_power,0
The_Hobbit,1
Biology,0
Pumpkin,0
Goldcrest,0
Stem_cell,2
United_States_Declaration_of_Independence,1
Lake_Chad,0
Soil_structure,0
Emanuel_Swedenborg,2
Geology,2
Senate_of_Canada,2
History_of_merit_badges_(Boy_Scouts_of_America),0
Palladium,0
Military_history_of_France,0
Space_Shuttle_Challenger,0
Greenhouse_effect,0
Death_Valley_National_Park,0
Albrecht_Dürer,2
Abbey_Theatre,2
European_Space_Agency,0
Colditz_Castle,0
Friend_Directdebit,0
Chelsea_F.C.,0
Mercury_(element),0
Coconut,0
William_the_Silent,2
Osmium,0
United_Kingdom,0
Tanzania,0
Football,0
Land_(economics),0
Sikhism,2
Gossypium,0
U.S._Route_66,0
Computer_and_video_games,0
Geology_of_Dorset,0
Tree_Sparrow,0
Kyrgyzstan,0
First_Crusade,0
Navassa_Island,2
Lighthouse_of_Alexandria,0
Gold_standard,0
Tawny_Owl,0
2004_Atlantic_hurricane_season,2
Russian_language,0
Star_anise,0
John_Constable,2
Gremlins,0
Loch,2
Autorack,0
Effects_of_nuclear_explosions,0
Pottery,0
Ran_(film),0
Somalia,0
Tiridates_I_of_Armenia,0
Mark_Twain_House,2
Clifton_Suspension_Bridge,2
Éire,2
Pelé,2
History_of_computing_hardware,0
Domesticated_turkey,0
Greek_War_of_Independence,0
Coulomb's_law,0
Jew,0
Architecture,0
Cactus,0
Alberto_Santos-Dumont,0
Animal,0
GDRT,1
Michelangelo,2
Gautama_Buddha,2
Edward_VII_of_the_United_Kingdom,2
Physics,0
Tea,0
Lesothosaurus,0
Long_pepper,0
Anglicanism,2
Yangtze_River,2
Eastern_Roman_Empire,0
Capitoline_Triad,2
Atlantic_Ocean,1
Saladin,2
Saffron,0
Perfect_number,0
Castra,0
Fermium,2
Camel,0
Niue,2
Finance,2
Separation_of_powers_under_the_United_States_Constitution,2
Shabo_language,0
James_Watt,0
Nostradamus,0
Calvin_Coolidge,2
Plate_tectonics,0
Swift,0
PONG,0
Sigmund_Freud,0
Hubble_Space_Telescope,0
Painting,1
Extrasolar_planet,0
Kochi_(India),2
Mount_Rushmore,0
Shrimp_farm,0
American_English,0
Tropical_Storm_Matthew_(2004),2
Indonesia,0
Republic_of_the_Congo,2
Atlantis,0
Isle_of_Wight,0
Pyramid,0
Beirut,2
Second_Congo_War,0
Ming_Dynasty,0
Lima,0
Muhammad_Ali_Jinnah,2
Hannibal_Barca,0
Three_Mile_Island_accident,0
Moldova,0
Henry_Fonda,2
Franz_Kafka,2
Mu_Arae,2
Financial_statements,2
History_of_Cape_Colony_from_1870_to_1899,1
Psittacosaurus,0
Oceanography,2
4th_century,2
Continental_crust,2
Language,0
M*A*S*H_(TV_series),2
Invasion_of_Grenada,0
Atonality,0
Book,0
Hurricane_John_(2006),2
Inductance,0
Water_Buffalo,0
List_of_Prime_Ministers_of_the_United_Kingdom,2
Leonhard_Euler,0
Noam_Chomsky,0
Child,0
Pericles,0
Bosnia_and_Herzegovina,0
Indian_Railways,2
Vulgar_Latin,0
Abstract_art,2
Music_of_Hawaii,0
Ancient_Greece,0
Calligraphy,2
Airship,0
Brunei,0
Tupac_Shakur,0
Herrerasaurus,0
Coventry,2
Max_Weber,2
Google,2
"Stanley,_Falkland_Islands",0
Desert,0
Ant,0
Hungary,0
Watchmen,0
Georg_Forster,2
Comics,0
PRR_GG1,0
Santorini,0
Paul_of_Tarsus,1
Punctuated_equilibrium,0
Definition_of_planet,0
Ben_Nevis,2
Pochard,0
Billie_Holiday,2
Trinity,2
Argentina,0
Byzantine_Empire,0
Popular_culture,0
Francis_Petre,2
Americium,2
Roman_road,0
History_of_Cape_Colony_from_1806_to_1870,1
French_Polynesia,0
Liverpool_F.C.,2
Diego_Velázquez,2
1_Ceres,2
Genetic_code,0
Trobairitz,0
Bahá'í_Faith,2
Avacha_Volcano,0
Simón_Bolívar,2
Playing_card,0
Giant's_Causeway,0
3_Juno,2
Abraham_Lincoln,2
Sri_Lankan_Civil_War,2
Rosetta_Stone,2
Mongol_invasion_of_Central_Asia,0
Literacy,0
12th_century,2
Potassium_iodide,0
The_Quatermass_Experiment,2
Woodruff,0
Politics,0
Telecommunication,0
John_Calvin,2
European_Parliament,2
Copenhagen_Fire_of_1728,0
Pony,0
Sorghum,0
John_Flamsteed,2
Coal,0
Napoleon_I_of_France,0
Prion,0
Dundee_United_F.C.,2
Parliament_of_Canada,2
South_America,0
BP,0
Rubidium,0
Metallurgy,1
Attila_the_Hun,0
Cod,0
Cotton,0
Indian_Standard_Time,2
Distilled_beverage,0
Søren_Kierkegaard,2
Hebrew_calendar,2
"Summer_Hill,_New_South_Wales",0
Swallow,0
Denis_Law,2
"Amarillo,_Texas",2
Poetry_of_the_United_States,2
Postman_Pat,2
Magma,0
African_Brush-tailed_Porcupine,0
The_Broads,2
Floyd_Mayweather_Jr.,0
Canberra,2
Commodore_64,2
Salt,0
Iraq,0
Heraclius,2
Ringed_Plover,0
Thomas_Edison,0
"Boston,_Massachusetts",2
Plum,0
15th_Marine_Expeditionary_Unit,2
Rule_of_St_Benedict,1
Lovage,0
Dakar,2
Margate,0
Isaac_Brock,2
Leo_(constellation),2
Abhidhamma_Pitaka,2
Hello_Garci_scandal,0
Iron_Age,2
Virtuti_Militari,2
Nirvana_(band),0
York,0
Bhutan,0
Romania,0
Citizen_Kane,0
Tourism,0
Bologna,2
Budapest,2
1st_century_BC,0
Fox,0
Windows_2000,0
Crime_and_Punishment,0
Sydney,2
Hubble's_law,0
Deconstructivism,0
Chartism,0
Snow_Goose,0
Tim_Berners-Lee,2
Kingman_Reef,2
Leonardo_da_Vinci,0
Aristotle,0
Quetzalcoatl,0
Cotswolds,2
Roman_villa,2
History,2
Zirconium,0
Anthony_van_Dyck,2
Immanuel_Kant,2
Douglas_DC-4,0
Pikachu,0
"Ann_Arbor,_Michigan",2
"William_Thomson,_1st_Baron_Kelvin",1
Henry_VIII_of_England,2
Harvest,0
Linnet,0
Hymenoptera,0
James_I_of_England,2
Buddha,2
Liberalism,0
Shroud_of_Turin,0
Armenia,0
Earthquake,0
Chemistry,0
Maseru,1
Wikispecies,0
Melbourne,1
John_Henninger_Reagan,2
Charles_II_of_England,2
James_Joyce,1
Tim_Henman,2
Karl_Benz,2
Race,0
The_Country_Wife,0
Republic_of_Macedonia,1
Numismatics,0
David_Attenborough,0
Vanuatu,0
Binomial_nomenclature,0
Iodine,0
Leicester,2
Sparrowhawk,0
David_III_of_Tao,2
Philadelphia,2
Tom_and_Jerry_(MGM),0
Mohs_scale_of_mineral_hardness,0
History_of_science,0
Triassic,0
Toy_Story,0
Black_panther,0
Mount_Pinatubo,1
A_Christmas_Carol,1
Phosphorus_tribromide,0
Speed_of_light,0
Zimbabwe,0
"San_Francisco,_California",2
Scrooge_McDuck,0
The_Illuminatus!_Trilogy,0
Cretaceous,0
Celtic_F.C.,2
Eris_(dwarf_planet),0
Mammoth_Cave_National_Park,0
Saint_Lucia,0
Mosque,2
Asperger_syndrome,0
Landscape,2
Metamorphic_rock,0
Chinyingi,0
Culture,0
M1_motorway,2
Marco_Polo,2
Helsinki,0
Arugula,0
Latvia,2
Muhammad_Iqbal,2
Roman_Empire,0
Royal_Parks_of_London,1
Herodotus,0
European_Union,2
Burkina_Faso,2
Astronomy,0
Mary_Seacole,0
BASIC,0
Raising_the_Flag_on_Iwo_Jima,0
Pompeii,0
Oxbow_lake,0
Bread,0
Plato,2
Opuntia_imbricata,0
Action_potential,1
Cider,0
TGV,0
Intel_Corporation,0
Telephone,0
Red_Kite,0
Monaco_Grand_Prix,0
Democratic_Republic_of_the_Congo,0
Tofu,0
Rabindranath_Tagore,2
Philately,0
Battle_of_Jutland,0
Sumer,0
Writing,1
Aircraft,0
Stuttering,0
Fertile_Crescent,0
Isambard_Kingdom_Brunel,0
Falcon,0
Poultry,0
Lake_Edward,0
Proxima_Centauri,0
List_of_French_monarchs,2
List_of_African_countries,2
Retinol,0
Margaret_Thatcher,0
Ultimatum_game,0
Falkland_Islands,0
Order_of_the_Garter,2
Lope_de_Barrientos,0
Cleopatra_VII,0
Ethics,0
Super_14,1
Penda_of_Mercia,2
Hurricane_Georges,2
Clay,0
Svartálfar,0
Athanasius_Kircher,0
Creation-evolution_controversy,0
Button,2
California,0
Argon,0
Sodium_hydroxide,0
PSR_B1620-26c,0
Tropical_Storm_Harvey_(2005),2
Napoleonic_Wars,2
Hrafnkels_saga,0
Climate,2
Stratford-upon-Avon,0
Riyadh,1
Pellagra,0
Berber_languages,1
Asthma,0
"Kansas_City,_Missouri",0
Sheikh_Mujibur_Rahman,2
EMD_BL2,0
Richard_Wagner,2
Proton,2
Sleep,2
Full_moon,0
Sauropodomorpha,0
Ulysses_S._Grant,2
The_Seagull,0
Long-billed_Vulture,0
Voynich_manuscript,0
European_Kingfisher,0
Edible_salt,0
Visual_arts,2
History_of_the_world,0
Tyrannosaurus,0
Australian_constitutional_law,2
Thallium,0
EMD_GP30,0
Freetown,0
Francis_Crick,1
Lance_Armstrong,0
Actor,1
Space_Shuttle_Challenger_disaster,0
InterBase,0
The_Last_Supper_(Leonardo),0
The_Frogs,0
Shigin,0
Minnesota,0
Meitnerium,2
Vietnam,0
Algebra,2
Library_of_Alexandria,0
Botany,0
Tin,0
Steve_Davis,2
Qing_Dynasty,2
Coot,0
France_in_the_American_Revolutionary_War,2
20th_century,0
Dido_and_Aeneas,0
Seed,0
Regent's_Park,2
Bulgaria,0
Tay_Rail_Bridge,1
King_Kong_(2005_film),0
Russia,0
13th_century,2
Arthropod,0
Chew_Magna,0
Glasgow,1
Atheism,0
Red_Panda,0
Kuru_(disease),0
Three_Laws_of_Robotics,0
Norfolk,1
Petroleum,0
Edward_the_Confessor,2
"The_Championships,_Wimbledon",2
Scott_Special,0
Antarctic_Treaty_System,2
Monaco,0
Camarasaurus,0
Damon_Hill,2
Barack_Obama,2
West_Flemish,0
Edward_I_of_England,2
Bryce_Canyon_National_Park,2
Dimetrodon,0
Australian_Open,2
Vietnam_War,0
Children's_Crusade,0
X_Window_core_protocol,0
Curium,2
The_Fairy-Queen,2
Harry_Potter,0
Manorialism,2
Ammosaurus,0
Pyotr_Ilyich_Tchaikovsky,2
Cultural_diversity,0
Oppression,0
History_of_slavery,0
Recycling,0
Fertilizer,0
Triathlon,0
James_K._Polk,2
Constantine_II_of_Scotland,2
The_Merchant_of_Venice,0
Control_car_(rail),0
Oviraptor,0
Carboniferous,0
Crimean_War,0
"History_of_Miami,_Florida",0
Battle_of_the_Santa_Cruz_Islands,2
AIDS,0
Sport,0
Matthew_Brettingham,2
Angel_shark,0
Music,2
Alliterative_verse,0
"Yarralumla,_Australian_Capital_Territory",2
Ralph_Nader,2
"George_Byron,_6th_Baron_Byron",2
Dualism_(philosophy_of_mind),0
Heron,0
Einsteinium,2
Simca_Vedette,0
Money,0
Btrieve,2
Archaeoastronomy,0
Carl_Jung,0
International_Red_Cross_and_Red_Crescent_Movement,2
Ludwig_van_Beethoven,2
Mississippi_River,2
Congo_River,0
U.S._state,1
Stourbridge_Lion,0
E.T._the_Extra-Terrestrial_(Atari_2600),0
Bodyline,0
Albertosaurus,2
Soil_salination,0
Molybdenum,1
Yemen,1
Washington_Metro,0
Long-tailed_Tit,0
Cheetah,0
Binary_star,0
Trimurti,2
Market,0
Georgia_(country),2
Nightingale,0
Iron(III)_chloride,1
Cataract_surgery,0
Alfred_Hitchcock,0
Indo-Greek_Kingdom,2
Tony_Blair,0
Opera,2
Andrew_Johnson,2
Shenzhou_6,2
HD_217107_c,2
History_of_Anglo-Saxon_England,2
Isis,0
Varanasi,2
Flamingo,0
Gaza_Strip,0
Indian_independence_movement,2
Akira_Kurosawa,2
International_Court_of_Justice,2
Overseas_Railroad,2
John_F._Kennedy,0
Scattered_disc,0
Flag_of_Australia,2
Delhi,2
Carnivore,0
Leo_Tolstoy,0
River,0
English_language,0
Brabantian,0
Domesday_Book,2
Caesium_fluoride,0
Soil_science,1
Arab_League,2
Ornithischia,0
Culture_of_the_Democratic_Republic_of_the_Congo,0
Inca_Empire,0
Skiing,0
Insulin,0
Igor_Stravinsky,2
Scottish_Gaelic_language,1
Sydney_Riot_of_1879,2
Helen,0
Canterbury,2
Fieldfare,0
American_popular_music,0
Józef_Piłsudski,0
Library_of_Congress,2
Arcadia_(play),2
Sandy_Koufax,0
Samantha_Smith,0
4-4-0,2
Lord_Voldemort,0
Albigensian_Crusade,0
Apollo,0
Cyclops,0
Ethnic_group,0
Radio_telescope,2
Mythology,0
Thomas_Aquinas,0
List_of_vegetable_oils,0
Greek_mythology,0
Tokyo,2
Airbus,2
Chester_A._Arthur,0
Stargate_SG-1,0
Elephant_bird,0
Faroe_Islands,0
Common_Eland,0
Glynn_Lunney,2
John_Millington_Synge,2
History_of_Russia,0
Roche_limit,0
Argan,0
Weakest_Link,0
Igneous_rock,0
Mother_Teresa,0
Ateneo_de_Manila_University,2
Germanium,2
Rama,2
Gerald_Durrell,0
Passenger_Pigeon,0
Carbon,0
Bohrium,2
James_Monroe,2
47_Ursae_Majoris_b,2
Gustav_Holst,2
Asunción,2
Zeus,0
Eurasian_Eagle_Owl,0
John_Milton,2
Group_(mathematics),0
Swaziland,0
Upsilon_Andromedae_c,2
Reptile,0
Bristol,0
Abacá,0
Weyto_language,0
Jean-Jacques_Rousseau,2
Glaciology,0
Local_government_in_the_United_Kingdom,2
Country,0
Louis_Freeh,2
Samoa,0
John_McEnroe,2
Eleocharis_dulcis,0
Florida_East_Coast_Railway,2
Francis_Bacon,2
Mercury_(planet),0
Louis_Jordan,0
Recorder,0
Saturn_V,0
Plant_cell,0
Helicobacter_pylori,0
Shrine_of_Remembrance,2
Hawfinch,0
Optical_telescope,0
George_III_of_the_United_Kingdom,2
Adenosine_triphosphate,0
Turkey_(bird),0
Medieval_music,2
Wood_fuel,0
Liberal_Democrats,1
Folklore,0
Mark_Webber,2
Pterosaur,0
British_East_India_Company,2
Ipswich,2
Slovakia,2
Benjamin_of_Tudela,0
Chennai,2
Franks,2
Coal_Tit,0
White_Wagtail,0
Kīlauea,0
Archaeology,0
East_Flemish,0
Ho_Chi_Minh,0
All_Blacks,2
Sears_Catalog_Home,0
Decade_Volcanoes,0
OpenOffice.org,0
Ffestiniog_Railway,1
Telescope,2
Honey,0
Insect,0
Radon,0
Quito,2
Island_Fox,0
Common_Pheasant,0
Civilization_(computer_game),0
Asp_(reptile),0
Social_contract_(Malaysia),0
Shielded_metal_arc_welding,0
Victor_Hugo,2
Cuba,0
Radish,0
Fyodor_Dostoevsky,0
6th_century,2
Poetry,1
George_Thomas_Coker,2
Red_Sea,0
San_Diego_and_Arizona_Railway,2
Sutton_Hoo,2
The_Magic_Flute,0
Botswana,0
Jack_Kerouac,2
David_Copperfield_(novel),2
Europe,0
Schatzki_ring,0
Geography_of_India,2
Compsognathus,0
Barcelona,0
The_Simpsons,0
Indus_Valley_Civilization,0
Vegetable,0
Mixtape,0
Black-winged_Stilt,0
African_Penguin,0
King_Kong_(1933_film),0
Socrates,0
Imperial_Japanese_Navy,2
Political_philosophy,0
John_Tyler,2
Costume_design,0
Western_Sahara,0
Ska,0
William_Howard_Taft,2
Lawrencium,2
William_Renshaw,2
55_Cancri_c,2
Stegosaurus,0
Phosphorus_trichloride,0
Hawaiian_Goose,0
Adam_Smith,2
Ordination_of_women,2
Frankenstein,0
Trichinosis,0
Ray_of_Light,0
Tonga,0
Lisbon,2
Hundred_Years'_War,2
Heat,2
Prospecting,0
Capitalism,2
Economy_of_Pakistan,2
Heilbronn,2
Bretton_Woods_system,0
"Richmond,_Virginia",2
Amazon_River,2
Mini,0
Beryllium,0
"Aymer_de_Valence,_2nd_Earl_of_Pembroke",2
Mayotte,2
Andrew_Dickson_White,1
Ayaan_Hirsi_Ali,2
Boris_Becker,2
J._S._Fry_&_Sons,0
Helium,0
Woodrow_Wilson,0
Shetland,0
Liquid_crystal,0
Serbia_and_Montenegro,2
Domestic_AC_power_plugs_and_sockets,0
Impressionism,2
Giganotosaurus,0
Taipei,2
Solar_eclipse,0
Lebanon,2
Carlsbad_Caverns_National_Park,0
Tacitean_studies,0
Basil,0
Avatar__The_Last_Airbender,0
Grand_Central_Station_(Chicago),2
Jarvis_Island,0
Rhine,0
Extraterrestrial_life,0
Canola,2
Richard_Nixon,0
Silent_film,0
Bacteria,0
Ottoman_Empire,0
Albania,0
Sri_Lanka,2
Cretaceous-Tertiary_extinction_event,0
Dublin,1
Kakapo,0
Fungus,0
Ukraine,0
Francis_of_Assisi,2
Antonín_Dvořák,2
Miranda_Otto,2
Hudson_Bay,1
Pere_Marquette_1225,0
Tripitaka,2
Trench_warfare,0
Microraptor,0
J._J._Thomson,2
Dorset,2
List_of_rivers_by_length,2
Tennis_Masters_Cup,2
Senegal,2
Zulu,0
Nigella,0
Chadian-Sudanese_conflict,2
Nepal,2
Saurischia,0
Kevin_Spacey,2
Taj_Mahal,2
Johannesburg,0
Giraffe,0
Muhammad_ibn_Musa_al-Khwarizmi,2
F-4_Phantom_II,0
Canadian_football,0
Northern_Ireland,0
Space_exploration,0
Francisco_Goya,1
"Augusta,_Lady_Gregory",2
Picts,0
East-West_Schism,2
Sodium,0
Irish_theatre,2
Gas_tungsten_arc_welding,0
Rail_transport_in_India,1
Galah,0
Sakurajima,0
Guernsey,2
Battle_of_Amiens,2
Jake_Gyllenhaal,2
Massospondylus,0
Photosynthetic_reaction_centre,0
Apollo_11,1
Olmec,1
List_of_particles,2
San_Diegan,2
Tourette_syndrome,2
Magpie,0
Cubeb,0
Sulfur,0
Algoma_Central_Railway,2
Meteorology,2
Laurence_Olivier,2
Eagle_Scout_(Boy_Scouts_of_America),2
Romanticism,2
90377_Sedna,0
Edward_VIII_of_the_United_Kingdom,2
Ascariasis,0
Wessex,2
William_I_of_England,2
Mars,0
Trout,0
Beriberi,0
Space_station,0
Tin(II)_chloride,0
Hurricane_Gloria,2
Columba,2
Democracy,0
BBC,2
Hasekura_Tsunenaga,2
Danske_Statsbaner,2
Donald_Bradman,2
"Muscat,_Oman",0
Daniel_Ellsberg,0
List_of_essential_oils,0
Saint_Petersburg,2
Algol,0
Jackie_Robinson,2
Japanese_grammar,0
Antarctic_krill,0
To_Kill_a_Mockingbird,0
T._D._Judah,2
Tashkent,0
Gorilla,0
Constructivism_(art),0
Great_hammerhead,0
Ivan_IV_of_Russia,0
S-mine,0
Indian_Institutes_of_Technology,2
Pollution,0
Architecture_of_the_California_missions,0
Battle_of_Grunwald,2
"The_Lion,_the_Witch_and_the_Wardrobe",0
Chiltern_Hills,0
Triceratops,2
Lake_District,1
Avro_Lancaster,2
Tuatara,0
African_Buffalo,0
Neil_Armstrong,0
2003_Atlantic_hurricane_season,2
Sand_shark,0
Order_of_St._Patrick,2
Drinking_water,0
William_Shakespeare,2
Stroke,0
Lord's_Resistance_Army,2
Rosemary,0
Cave,0
St_Buryan,0
Formic_acid,0
Grand_Canyon,0
Martina_Navratilova,2
Laurent_Fignon,2
Eurasian_Collared_Dove,0
Cane_Toad,0
Edmond_Halley,2
Leisure,0
Cataract,2
North_Sea,0
Speaker_of_the_British_House_of_Commons,2
Anglican_Communion,2
Alcibiades,2
Glass,0
Material_properties_of_diamond,0
Russian_Revolution_of_1917,0
River_Severn,2
Waste_management,0
William_Tecumseh_Sherman,2
Syria,0
Bertrand_Russell,1
Battle_of_Lechaeum,0
Lipid,0
Chives,0
Kohlberg's_stages_of_moral_development,0
Weyauwega_derailment,1
Civilization,0
GNOME,0
Collapse_of_the_World_Trade_Center,0
Oxyrhynchus,0
Montreal,2
Mining,0
"Trinity_College,_Cambridge",2
Treecreeper,0
Bass_(fish),0
Magna_Carta,0
Tehran,0
Oasis_(band),2
Mega_Man_X_(character),0
Rhodium(III)_chloride,0
Manuel_I_Komnenos,0
Expressionism,2
Dixie_Mission,2
Glacier,2
Diamond,0
Republic_of_China,2
DNA_repair,0
Uffington_White_Horse,2
Archimedes,0
Zionism,0
Damascus_steel,0
Speech_synthesis,0
Edmund_Hillary,0
Carrot,0
List_of_minerals,1
Vitus_Bering,0
Maxwell's_equations,0
Jonah_Lomu,2
Ammonite,0
Set,0
Modernist_poetry_in_English,2
Portuguese_Communist_Party,2
Jorge_Luis_Borges,0
Sputnik_2,0
Rainbow,0
Cereal,2
Laika,0
Jazz,0
Bird_of_prey,0
Rugby_football,0
Caloris_Basin,0
Arabic_language,0
Music_of_New_Zealand,0
Black_Death,0
The_Cantos,0
John_W._Campbell,0
Transport,0
Frederick_II_of_Prussia,2
Duran_Duran,0
Jacques_Cartier,1
Classic_female_blues,2
Peter_Paul_Rubens,2
Celery,0
Sputnik_program,0
Yamoussoukro,2
Phosphoryl_chloride,0
Coccinellidae,0
Scandium,2
Income_disparity,2
Mir,2
Stag_beetle,0
Multiple_sclerosis,0
2005_Atlantic_hurricane_season,2
Eldfell,0
Folic_acid,0
Football_(soccer),0
Hip_hop_music,0
Ice_sheet,2
High_German_consonant_shift,0
Arctic_Circle,1
Wayne_Rooney,1
San_Marino,2
Morphine,0
Continent,0
Acorn_Computers,0
Seawater,0
Jackanory,0
Baltic_Sea,0
Allah,2
2-8-0,1
Puerto_Rico,2
€2_commemorative_coins,2
Sand_art_and_play,0
London_Bridge,2
Jyllands-Posten_Muhammad_cartoons_controversy,0
Lusaka,1
Rowan_Williams,2
Rainhill_Trials,0
4-6-0,2
Qin_Dynasty,2
Book_of_Common_Prayer,2
Defaka,0
Barbary_Macaque,0
Qatar,2
Dál_Riata,2
Gerald_Ford,2
Ice_hockey,0
Hatshepsut,0
Radhanite,0
U.S._Open_(tennis),2
Djibouti,2
Celtic_mythology,0
Heliocentrism,0
Chris_Evert,2
William_III_of_England,2
Blackcap,0
History_of_Portugal_(1777–1834),2
Neptune,0
Opus_Dei,2
Antananarivo,2
Augustus,0
Sunflower,0
Athletics_(track_and_field),0
Differential_equation,2
Mount_Nyiragongo,0
Pyrite,0
English_Reformation,2
Community,1
Maya_mythology,0
Theatre,2
Down_syndrome,0
Politics_of_the_United_Kingdom,0
Iron_Mike,2
Electromagnetic_radiation,0
Herring_Gull,0
Julius_and_Ethel_Rosenberg,2
Ruthenium,2
List_of_world's_largest_lakes,2
Madrid,0
Treasure_Island,0
British_Virgin_Islands,1
Eurasian_Oystercatcher,0
Uluru,0
Capital,2
The_Bahamas,0
Jacobite_rising,2
Strait_of_Malacca,0
Sulfuric_acid,0
Garage_(dance_music),0
Dice,0
Beekeeping,0
Salsa_music,0
Hebrew_language,0
Al_Jazeera,2
Basking_shark,0
Cyclone_Rosita,2
Battle_of_Tours,2
Monarchies_in_the_European_Union,2
Stone_Age,0
Convention_on_the_International_Trade_in_Endangered_Species_of_Wild_Flora_and_Fauna,0
Montevideo,2
Force,0
Anthropology,1
Santa_Claus,0
Euclid,0
Gas_metal_arc_welding,0
"Las_Vegas,_Nevada",2
Real_tennis,0
Swastika,0
Meningitis,0
Peter_I_of_Russia,2
Kyoto_Protocol,2
Linus_Pauling,0
Persian_Empire,1
Benjamin_Harrison,2
Royal_Navy,1
Manifold,2
"Detroit,_Michigan",0
Sitting_Bull,2
X_Window_System_protocols_and_architecture,1
Manufacturing,0
Saint-Pierre_and_Miquelon,2
Flemish_(linguistics),2
Babe_Ruth,2
Fish,0
Anne_Frank,0
Alzheimer's_disease,0
Mumbai,2
Felix_Mendelssohn,2
Nuclear_fission,0
Energy,0
Tower_of_London,2
United_States_Bill_of_Rights,2
Nottingham,1
Guild,0
First_Macedonian_War,0
Civil_society,2
Martinique,0
Space_Shuttle_program,0
Gaur,0
DNA,1
The_Catcher_in_the_Rye,0
17th_century,2
Eustreptospondylus,0
Order_of_the_Bath,2
Eliminative_materialism,0
Grand_Central_Terminal,0
Copper(I)_chloride,2
Brachiosaurus,0
Blue_Jay,0
Portuguese_language,0
Protoceratops,0
Guatemala,0
Frank_Lloyd_Wright,2
Convention_on_the_Rights_of_the_Child,2
Lemon_myrtle,0
Khan_Wali_Khan,2
Great_Lakes,0
Calcite,0
Sinclair_Research_Ltd,0
Electronics,2
Edward_V_of_England,2
Spanish_conquest_of_the_Inca_Empire,0
History_of_the_Australian_Capital_Territory,2
Henry_III_of_England,2
Ununquadium,2
Arthur_Sullivan,2
Suriname,0
Lerwick,1
Phoenix_Zoo,0
World_Bank_Group,0
SD26,0
African_dwarf_frog,0
Derby,0
Erwin_Rommel,0
Willem_Barents,2
Dead_Sea,0
Roman_Greece,0
Hurricane_David,2
Chola_dynasty,2
"Grand_Forks,_North_Dakota",2
Tasmanian_Devil,0
Computer_programming,0
Statistics,2
Alice's_Adventures_in_Wonderland,0
Great_Auk,0
Diffuse_interstellar_band,0
James_Lovelock,0
Israel,0
Frederick_Douglass,2
Black-backed_Jackal,0
Eruption_column,0
White_Mountain_art,2
Modern_history,0
Oligarchy,0
Smallpox,0
Henry_James,2
Pope_John_Paul_II,1
Theta,0
Richard_III_(play),2
Starling,2
Indus_River,2
Crow,0
Basilica_of_San_Francesco_d'Assisi,2
William_Ewart_Gladstone,2
Serbia,2
Nurse_sharks,0
Haiti,0
Morocco,0
Triggerplant,0
Geography_of_Africa,0
Bushbuck,0
Plant,0
Mary_I_of_England,2
Van_Halen,0
Eurasian_Bullfinch,0
Lothal,0
Monrovia,0
Alexander_Graham_Bell,0
Strontium,2
EastEnders,1
Sasha_(DJ),2
Pandanus,0
Southern_Rockhopper_Penguin,0
Douglas_Adams,0
Robinson_Crusoe,2
Music_of_Ireland,0
Amaranth_oil,0
Sugar_beet,0
Edgar_Allan_Poe,2
Chlorine,0
Nadia_Comăneci,0
Guam,0
Bran,0
General_Pershing_Zephyr,2
Euclidean_geometry,2
Tamil_language,2
Gyeongju,2
Humphry_Davy,1
Flag_of_Hong_Kong,1
J._K._Rowling,2
Nicobar_Long-tailed_Macaque,0
Royal_Dutch_Shell,0
C._S._Lewis,0
Leon_Trotsky,2
Parliamentary_system,2
Mauritania,0
Dewey_Square,0
Age_of_Enlightenment,2
"Salt_Lake_City,_Utah",0
Iran,0
Makuria,0
Gunpowder,0
Multiple_sequence_alignment,2
Calcium,0
Arctic_Tern,0
Du_Fu,2
Andrés_Nocioni,2
Top_of_the_Pops,0
Police,1
La_Grande_Armée,0
Directdebit,0
Wright_brothers,0
Music_of_Trinidad_and_Tobago,0
Pythagorean_theorem,0
Hunger,0
Great_Red_Spot,2
Pokémon_Trading_Card_Game,0
Fundamental_Rights_in_India,2
Victoria_Cross,2
Styracosaurus,0
Praia,2
Aggregator,0
Tree_frog,0
Newspaper,2
Mineral,0
Common_Tern,0
Polish-Soviet_War,2
Prague,0
Isaac_Asimov,0
"Georgetown,_Guyana",2
Folk_music,0
Henry_I_of_England,2
The_Brothers_Karamazov,0
Nitrification,0
Black_Rhinoceros,0
Hydrogen,0
Tour_de_France,2
"John_Seigenthaler,_Sr.",2
Margaret_Sanger,0
Royal_National_Theatre,2
Katyn_massacre,0
Niagara_Falls,0
Invasive_species,0
Sikkim,1
Caesium,0
Birmingham,2
Mary_I_of_Scotland,2
David_Heymann,2
Cape_Canaveral,0
Lincoln_(automobile),2
Oregon,0
Robert_Boyle,0
Three_Gorges_Dam,1
Oswald_of_Northumbria,2
Barbados,0
Apollo_8,0
Stornoway,0
Paricutín,0
A._E._J._Collins,2
Ship,0
Henry_IV_of_England,2
Shenzhou_spacecraft,1
Explorer_I,1
Gregorian_chant,2
1928_Okeechobee_Hurricane,0
Linus_Torvalds,0
Code_of_Hammurabi,0
Final_Fantasy_Adventure,0
Bontebok,0
Mogadishu,1
Celine_Dion,2
Tiger_shark,0
Hawking_radiation,0
Globalization,0
Bobcat,0
Democratic_Action_Party,2
Information,0
Milan,2
International_English,0
Cyril_Clarke,1
Rudolf_Vrba,0
Clock,0
List_of_North_American_countries,2
Falkirk_Wheel,0
Cotopaxi,0
Columbia_River,1
Elias_Ashmole,2
Medicine,0
A_cappella,2
Scooby-Doo,0
Shackleton_(crater),0
16th_century,2
Florida,0
El_Salvador,0
Grand_Canal_of_China,2
Malta,0
Plymouth,0
Ludwig_Wittgenstein,0
Monopoly_(game),0
Mass_Rapid_Transit_(Singapore),2
Dandelion,0
Birth_control,0
Novelty_(locomotive),0
Post-glacial_rebound,2
Italo_disco,0
Guyana,0
Cubism,0
Snowdonia_National_Park,0
Plasma_(physics),0
Quantum_chemistry,2
Magnesium,0
Lightning_rod,0
Volleyball,0
"Denver,_Colorado",2
Corporate_finance,2
Food,0
Tutsi,0
Plesiosaur,0
Colombo,2
Georg_von_Boeselager,2
Flemish_dialects,2
Gentoo_penguin,0
Golden_Eagle,0
Xenon,2
Battle_of_Rennell_Island,2
Henry_Moore,2
The_Wall_Street_Journal,2
Political_integration_of_India,2
Libertarianism,0
Lake_Victoria,0
Ultraviolet,0
Cat's_Eye_Nebula,2
Sparrow,0
Rhenium,2
Krill,0
Sardar_Vallabhbhai_Patel,2
Photon,2
Belton_House,2
Saudi_Arabia,1
Elfin-woods_Warbler,0
Tern,0
Phase_(matter),0
Abbas_I_of_Persia,2
Kenya,2
Great_Bustard,0
Rubik's_Cube,2
Autobianchi_Primula,0
Bouvet_Island,2
Upsilon_Andromedae_b,2
Bill_Gates,0
Mario,0
Gas_turbine-electric_locomotive,0
Python_(programming_language),0
Polonium,2
Mao_Zedong,2
Common_Hazel,0
Ghost_Dance,0
Abadan,2
Ethanol,0
Quantum_mechanics,2
Pelycosaur,0
Ytterbium,2
Cross_Fell,0
Laos,0
Mecca,2
Yeast,0
Damascus,2
Drosophila_melanogaster,0
Stephen_Harper,2
Siege_of_Antioch,0
Brass_instrument,0
Edmonton,0
Winston_Tunnel,0
Promethium,1
Scurvy,0
The_Legend_of_Zelda_series,0
Battle_of_Vaslui,0
Hurricane_Floyd,2
Mount_Kilimanjaro,0
World_Heritage_Site,2
Dark_Ages,0
Sequence_alignment,1
Libreville,1
Scanian_(linguistics),0
Company_(law),2
Eric_Clapton,0
Fine_art,0
Nobel_Peace_Prize,2
Edward_Jenner,0
Biotechnology,0
M-10003-6,2
Hutu,0
Second_Boer_War,2
Claudius,0
Parliament_of_the_United_Kingdom,2
Africa,0
Dada,0
Ivory,0
Uranium,2
Arsenic,0
Edward_II_of_England,2
Iceland,2
Military_history_of_Puerto_Rico,2
Charles_Etienne_Brasseur_de_Bourbourg,2
Dutch_language,0
Kitsch,0
Ostrich,0
John_Vanbrugh,0
Rondane_National_Park,0
Star,0
Adi_Shankara,2
People's_Republic_of_China,0
Attack_on_Pearl_Harbor,0
Sea_of_Galilee,0
The_Iron_Bridge,2
Belarus,0
Bangalore,2
Charles_Sumner,2
Wrestling,0
Sgt._Pepper's_Lonely_Hearts_Club_Band,1
Flag_of_India,1
Bernard_Hinault,2
Amber,0
Macedon,0
Psychology,2
John_Marshall,2
Periodic_table_(large_version),2
Barium,0
Stephen_Trigg,2
Animal_rights,0
Redshift,0
FIFA_World_Cup,2
Alphabet,0
Middle_East,0
Manila,2
Abraham_Goldfaden,0
Invasion,0
Toronto,2
Otter,0
South_Ossetia,0
Right_whale,0
Giant_Panda,0
Parsley,0
Health,0
55_Cancri_e,2
Lithuania,2
I_Ching,0
Ottawa,2
Granite,0
Astatine,0
Rice,0
Extinct_birds,0
Exploration_of_Mars,2
The_Lorax,0
55_Cancri,2
Alfred_the_Great,2
James_Garfield,2
Diane_Keaton,2
Vancouver,2
Witold_Pilecki,0
Paris,0
Chocolate,0
Supply_chain_management,2
La_Paz,2
"Carolingian_Gospel_Book_(British_Library,_MS_Add._11848)",2
Consumer_protection,2
Vodafone,2
HD_217107_b,2
Elizabethan_Poor_Law_(1601),2
Boron,0
History_of_the_Royal_Australian_Navy,2
Toluene,2
Drosera_anglica,0
HIV_AIDS_in_Africa,2
Cricket,2
Coin,0
History_of_nuclear_weapons,0
Tropical_Storm_Vamei,2
Arctic_Ocean,0
Aleksandr_Vasilevsky,2
"Columbus,_Ohio",2
Snaefell_Mountain_Railway,1
Biosphere,0
"El_Hatillo_Municipality,_Miranda",0
Hippopotamus,0
Anglo-Saxon_literature,1
Sunset_Boulevard_(1950_film),1
Steam_engine,0
English_Channel,0
Shining_Path,0
Monarchy,2
Radio,0
4-2-0,0
Philosophy_of_mind,0
Magnetism,0
Gravitation,0
Moss,0
Rupee,0
Lawn,0
Jordan_River,0
Johannes_Kepler,0
Peafowl,0
Thulium,2
Pachycephalosaurus,0
Wernher_von_Braun,1
Windsor_Castle,2
Mahmoud_Abbas,2
Linear_algebra,2
Lake_Toba,2
Habsburg_Spain,2
Comet,0
Darth_Vader,0
Booby,0
Swedish_allotment_system,0
Mamenchisaurus,1
Darmstadtium,2
Aristarchus_(crater),1
Optical_fiber,2
Glastonbury_Festival,0
Palmyra_Atoll,2
Timken_1111,2
Howards_End,2
Tungsten,0
Currency,0
Turkish_literature,0
Indian_Peafowl,0
Netball,1
Acetic_acid,0
List_of_South_American_countries,0
Blue_Tit,0
Beeching_Axe,0
Kuwait,0
River_Thames,1
Light,0
Cape_Horn,0
Talc,0
Osama_bin_Laden,2
Goa,1
Music_of_Dominica,1
Sculpture,2
Vinaya,2
Morris_dance,0
Genghis_Khan,2
North_Sea_flood_of_1953,2
Hong_Kong,0
Vestigial_structure,0
Sauropsid,0
Great_Barrier_Reef,0
Music_of_the_Lesser_Antilles,2
Mauthausen-Gusen_concentration_camp,0
British_Empire,2
Nationality,2
Mendip_Hills,0
Windows_XP,0
Gas_giant,0
Unix,0
Solomon_Islands,2
Boston_RFC,2
Anguilla,2
North_Atlantic_oscillation,0
Drum_and_bass,0
Bogotá,2
H5N1,0
George_Fox,1
Arable_land,0
Vitamin_D,0
Bull_shark,0
Windows_Vista,2
Beijing,2
Almaty,0
Lancia_Flaminia,0
Belgium,0
Bill_Clinton,0
Lilongwe,0
Education,0
ATLAS_experiment,0
Lens_(anatomy),0
Household_income_in_the_United_States,2
Ganesha,0
All_your_base_are_belong_to_us,0
Libya,2
Star_Fox__Assault,0
BT_Tower,0
Nickel,0
Arnold_Schwarzenegger,0
Uranus,0
"Perth,_Western_Australia",2
Genoa,2
Auguste_Rodin,2
Sudanic_languages,0
Mongolia,2
Gettysburg_Address,2
Salvador_Dalí,0
Mexico_City,0
Fiberglass,2
Rudyard_Kipling,0
Mongoose,0
55_Cancri_b,2
Lion,0
Sociocultural_evolution,0
Rotterdam,2
Thomas_Gainsborough,2
Prime_number,0
Richard_Francis_Burton,1
Anna_Karenina,0
Graphic_novel,2
Edinburgh,2
Kakariki,0
Archaeopteryx,0
Typewriter,0
Macau,0
Antarctica,0
Sunol_Water_Temple,2
Ecology,0
"Lucy,_Lady_Duff-Gordon",2
São_Tomé_and_Príncipe,2
Mikhail_Gorbachev,2
Richard_O'Connor,2
Isaac,2
Caratacus,0
The_X-Files,0
Bangladesh,0
Government,0
Infrastructure,2
Pinworm,0
1973_oil_crisis,0
Sandur,1
Peace,0
Turkey,0
Rebecca_Helferich_Clarke,2
Charlotte's_Web,1
Mediterranean_Sea,0
Afghan_Hound,0
Herbig-Haro_object,0
Condoleezza_Rice,0
Broadcasting,2
Reggae,0
Magdalena_Abakanowicz,0
The_Hague,0
Malaria,0
Ordovician,0
Cold_War,0
Tiger_Woods,2
Battle_of_Stalingrad,0
Hepatorenal_syndrome,0
Education_in_the_United_States,0
"Nashville,_Tennessee",2
Television,1
Santamaría_(volcano),2
Chernobyl_disaster,0
19th_century,2
Silurian,0
Bicycle_Thieves,0
Himalayas,2
Jackal,0
Britney_Spears,0
Josephus,0
Minimum_wage,2
Francium,2
Order_of_Canada,2
Pope_Pius_XII,2
Jet_Set_Willy,0
Michael_Faraday,1
Iraq_War,0
Aleksandr_Pushkin,2
Scent_of_a_Woman,0
Educational_psychology,2
Gabon,0
Portsmouth,2
Gliese_876_d,0
Soil_pH,0
Abbey,0
New_England_Patriots,2
Hindi,0
Hyena,0
Croatia,2
Côte_d'Ivoire,0
"Cleveland,_Ohio",1
Quantum_computer,0
Semiconductor_device,0
Saint_Kitts_and_Nevis,2
Jersey_Zoological_Park,0
Brian_Close,2
Galileo_Galilei,0
Spanish_Armada,1
Weight_training,0
Seinfeld,0
Lettuce,0
Polar_coordinate_system,0
Newsround,2
Winfield_Scott_Hancock,2
Cicely,0
Canadian_Charter_of_Rights_and_Freedoms,2
AT&T,2
Baker_Island,0
Electrical_engineering,2
List_of_popes,2
Mestizo,0
Harry_S._Truman,0
Johannes_Ockeghem,2
Astrology,0
The_Lion_King,0
Great_comet,0
Dominica,2
Gypsum,2
Charles_I_of_England,2
Canadian_Pacific_Railway,2
Phineas_Gage,0
Ernest_Hemingway,0
Basketball,0
European_Goldfinch,0
Sub-Saharan_Africa,1
Algeria,0
The_Hitchhiker's_Guide_to_the_Galaxy,0
French_Open_(tennis),0
Haji_Mohammad_Suharto,0
Pentateuch,0
Gliding,0
Philip_II_of_Spain,2
Galaxy,0
Flag_of_Mexico,2
Redwood_National_and_State_Parks,2
Music_of_Martinique_and_Guadeloupe,2
Turtle,0
GNU_Project,2
Elizabeth_Fry,2
Fiji,0
Citizenship,2
Printmaking,1
British_English,0
Saltasaurus,0
Snowball_Earth,0
Abuja,2
Deluge_(mythology),0
Easter_Island,2
Chordate,0
Brazil,1
George_H._W._Bush,2
William_Gilbert,0
Owl,0
William_Hogarth,0
Roald_Amundsen,0
Fugu,0
Mickey_Mantle,0
Vienna,0
Dartmoor,0
Colossus_of_Rhodes,0
Düsseldorf,2
American_football,0
Meteor_shower,0
Lille,2
Snowdonia,0
President_of_the_United_States,2
Harley-Davidson,2
Palau,0
Crash_test_dummy,0
Blue_Wildebeest,0
Greece,2
Phonograph_cylinder,0
Odyssey,0
Estonia,0
Privy_Council_of_the_United_Kingdom,2
Ordinal_number,0
Buddhism,2
Murray_River,0
Malaysia,0
Oil_painting,0
Ferdinandea,0
The_Oz_books,0
Phosphorus,0
Cookiecutter_shark,0
Amda_Seyon_I,1
Empires__Dawn_of_the_Modern_World,0
Joan_of_Arc,0
List_of_universities_in_the_United_Kingdom,2
Hot_air_balloon,0
Blokus,0
Mahabharata,0
George_VI_of_the_United_Kingdom,2
Pennsylvania_Railroad,2
Romeo_and_Juliet,2
The_Rime_of_the_Ancient_Mariner,0
Marcel_Proust,2
ROT13,0
Namibia,0
Ethiopia,0
Forth_Bridge_(railway),0
U2,0
Thorium,0
William_Henry_Harrison,1
Magellanic_Penguin,0
Government_of_France,2
Old_Nubian_language,0
New_Forest,2
World_Trade_Organization,2
"Santiago,_Chile",1
Bat-eared_Fox,0
North_Sea_oil,0
Slavery,0
Merrimack_River,2
Trinidad_and_Tobago,1
United_States_Senate,2
Logistics,2
Natalie_Portman,2
Isaac_Newton,0
Ichthyosaur,0
Mount_Vesuvius,0
Lavender,0
Grevy's_Zebra,0
Bison,0
Argyle_diamond_mine,2
GNU,2
Climate_change,0
Draughts,0
Chaffinch,0
Wasabi,0
Private_Peaceful,0
Northwest_Africa,0
War_of_the_League_of_Cambrai,2
Henry_VI_of_England,2
Marseille,2
Mallard,0
Crust_(geology),0
Electron,2
United_States_Numbered_Highways,0
Mustard_plant,0
Vanilla,0
Ecuador,1
Yorkshire_Dales,1
Theropoda,0
Automatic_number_plate_recognition,0
The_Beatles_discography,0
International_Space_Station,2
Axe,0
Ape,0
Palazzo_Pitti,2
Daley_Thompson,2
Bird_migration,0
Oslo,2
Juice,0
Netherlands,0
Venus_and_Adonis_(opera),2
Frances_Oldham_Kelsey,2
Judaism,0
Sharon_Tate,2
Danny_Deever,0
Wood_Pigeon,0
Lake_Tanganyika,0
The_Holocaust,0
Amsterdam,2
Battle_of_Smolensk_(1943),0
Chepstow_Bridge,0
"San_Jose,_California",2
Benjamin_Britten,2
Dunstable_Downs,0
Kestrel,0
Wikipedia,0
Oleg_of_Novgorod,2
Seaborgium,2
First_Transcontinental_Railroad,2
TeX,1
Dinosaur,0
Banana,0
Aesthetics,0
Corundum,1
Belfast,2
Rio_de_Janeiro,0
Edward_VI_of_England,2
London_sewerage_system,0
Whale_shark,0
Slavic_mythology,0
Pop_Idol,2
Meteor,0
Programming_language,0
Telephone_exchange,0
Goose,0
Parthenon,0
Popular_culture_studies,0
Red_giant,0
Elementary_group_theory,0
Sichuan_Pepper,0
Flag_of_Belarus,1
Suffrage,2
Whooping_Crane,0
Blaise_Pascal,0
Tropical_Storm_Allison,2
Trojan_War,0
Industrial_Revolution,0
CF7,0
Absolute_zero,0
Khazars,0
Logic,0
Oil_refinery,0
Scottish_mythology,0
Ronald_Reagan,0
Sodium_sulfate,0
Sino-Roman_relations,2
Conakry,0
African_clawed_frog,0
Andrew_Robinson,1
Blade_Runner,1
Cassowary,0
Edward_Gibbon,0
Ohm,0
Trade_and_usage_of_saffron,0
Orca,0
Áedán_mac_Gabráin,2
Ptolemy,2
Dingo,0
Kazakhstan,2
Photosynthesis,0
Mitochondrion,0
Baruch_Spinoza,2
Reed_Bunting,0
Poor_Law,2
Buckminster_Fuller,0
Star_Wars,0
Nuclear_weapon,0
Homo_floresiensis,2
Mbabane,0
Betelgeuse_incident,0
Europium,2
Grape_seed_oil,0
Autostereogram,0
Sheffield,2
Pyongyang,2
Royal_Marines,2
Humanities,0
Akbar,2
Niobium,2
Bob_Marley,2
Eifel_Aqueduct,0
Turkmenistan,0
Medieval_commune,0
Cymbopogon,0
Myers-Briggs_Type_Indicator,0
Western_Roman_Empire,0
Tooth_enamel,0
Lake_Vostok,1
Greenland,0
Super_Mario_64,0
Abbasid,2
Ben-Hur_(1959_film),0
Scouting,0
Marshall_Plan,0
Firearm,0
Humus,0
Microscope,0
Iceland_hotspot,0
Erbium,2
Liechtenstein,0
Red_rain_in_Kerala,0
Chad,2
Mind,0
Sucre,2
Costa_Rica,0
Open_source,0
Kiribati,2
"Charles_V,_Holy_Roman_Emperor",2
Game_theory,0
Great_Wall_of_China,0
Cristero_War,2
AK-47,0
History_of_Central_Asia,0
Edward_III_of_England,2
Hammurabi,0
Davy_Jones'_Locker,0
Jakarta,0
Canadian_House_of_Commons,2
Cheese,0
Equatorial_Guinea,0
HD_28185,2
Great_Yarmouth,0
Edward_Teller,0
Calculus,0
Liverpool,0
Roan_Antelope,0
Existentialism,2
Apricot,0
Comet_Hyakutake,0
British_monarchy,2
Evolutionarily_stable_strategy,0
Turkish_Republic_of_Northern_Cyprus,2
Mahjong,0
Timeline_of_discovery_of_solar_system_planets_and_their_natural_satellites,2
Extinction,0
You're_Still_the_One,2
1st_century,0
Temperate,0
Tsunami,0
Hippocrates,0
Channel_Islands,0
Henrik_Ibsen,1
"Tenzin_Gyatso,_14th_Dalai_Lama",2
Ouagadougou,2
ZX_Spectrum,0
New_Caledonia,0
Zion_National_Park,0
Emacs,0
Graniteville_train_disaster,0
Virus,0
University,2
6-2-0,2
New_York_City_Subway_nomenclature,2
Zhang_Qian,2
Samarium,2
Rocky_Mountains,2
Anatomy,0
History_of_democracy,0
Thrush_(bird),0
Vitamin,0
Eastern_Orthodox_Church,0
Communism,2
Selenium,0
Giant_Hogweed,0
Angkor_Wat,2
Patna,0
Polish-Lithuanian_Commonwealth,1
Bedbug,0
Welding,0
9th_century,2
Computer_science,0
Constitutional_monarchy,0
Henry_Morrison_Flagler,2
2nd_century,2
Apostolic_Succession,0
Arthur_Ernest_Percival,2
Double_bass,0
Mark_Twain,2
United_States_Constitution,2
Gardening,0
Tobacco,0
Moore's_Law,2
Biodiversity,0
Fern,0
Naked_Mole_Rat,0
War_and_Peace,2
Soil_profile,0
Crime_in_Mexico,0
Vitamin_C,0
Music_of_the_Bahamas,0
Cerebellum,2
Indricotherium,0
El_Aaiún,1
James_Cook,0
Flute,0
World_War_II,0
China,0
Ukulele,0
Baby_Gender_Mentor,0
Gulf_of_Mexico,0
Fluorine,0
Demosthenes,2
Hurricane_Philippe_(2005),0
Protein,0
Arctic_Monkeys,0
Mongol_Empire,0
The_Cat_in_the_Hat,0
Bear,0
Lutetium,2
Mormon,0
Japanese_war_crimes,0
"Martin_Luther_King,_Jr.",0
"Horatio_Nelson,_1st_Viscount_Nelson",2
Fur_language,0
Gadolinium,2
Andriyivskyy_Descent,2
Venezuela,1
Spanish_language,0
Desmond_Tutu,0
Caspian_Sea,0
Baroque,0
Link_(The_Legend_of_Zelda),0
Penguin,0
ALCO_FA,2
3rd_century,2
Ramesses_II,0
Tel_Aviv,2
Common_Basilisk,0
Crimson-collared_Tanager,0
Mausoleum_of_Maussollos,1
RER,2
Switzerland,0
Bohemian_Rhapsody,1
Stefan_Edberg,2
Dante_Alighieri,0
Asia,2
Austria,1
Emotion,0
List_of_countries_by_system_of_government,2
French_language,0
Calgary,2
Cleopatra_VII_of_Egypt,0
Palm_oil,0
Guinness,0
Grenada,0
Galápagos_Islands,0
Cathedral_of_Magdeburg,1
Mitochondrial_Eve,0
Boston_Terrier,0
Paleocene,0
Tufted_Duck,0
Schizophrenia,0
Civil_rights,0
Carl_Sagan,0
Atlantic_Coast_Line_Railroad,2
Hoover_Dam,2
Giza_pyramid_complex,0
Esperanto,0
Singapore,0
Kargil_War,0
Endoscopic_foreign_body_retrieval,0
Metric_expansion_of_space,0
Law,0
StarCraft,0
RSS_(file_format),2
Columbine_High_School_massacre,0
Functional_programming,2
Robert_Schumann,2
Body_mass_index,2
Tellurium,1
Bromine,0
Fiction,2
Flag_of_South_Africa,0
Esox,0
Tajikistan,2
National_Anthem_of_Russia,1
Humanism,0
United_States_Virgin_Islands,0
Blackpool,1
J._M._W._Turner,2
Ziad_Jarrah,0
HD_217107,2
Environmental_science,1
Accra,2
Third_Servile_War,0
Lemon,0
Landform,2
Confucius,1
Venus,0
Crocodile,0
Amazon_Basin,0
Hydrochloric_acid,0
Humbert_Roque_Versace,2
Sea,0
Berlin_Wall,0
Technology,0
United_States_dollar,2
Cape_Lion,0
History_of_the_Internet,1
The_Blitz,2
Aarhus,2
Redwing,0
Caroline_Island,2
Irish_poetry,0
Ammolite,0
Cultural_identity,0
Benin,0
Episcopal_polity,2
Rabat,0
Durham,0
Cassini-Huygens,2
Bucharest,0
Fanny_Blankers-Koen,0
Gangtok,0
History_of_painting,2
Canadian_English,0
Monkey,0
Rutherfordium,2
Allosaurus,0
Dill,0
55_Cancri_d,2
Space_suit,0
Mars_Reconnaissance_Orbiter,2
Human,0
Black_hole,0
Imagism,2
Monty_Python,0
Dove,0
Mustard_seed,0
Criticism_of_the_War_on_Terrorism,0
William_Edington,2
India,2
Whitethroat,0
Australian_English,0
Grover_Cleveland,2
Henry_Purcell,2
Lemon_balm,0
Guglielmo_Marconi,2
List_of_Oceanian_countries,2
Minmi_(dinosaur),0
British_House_of_Commons,2
Sarajevo,2
Munich,0
2005_Hertfordshire_Oil_Storage_Terminal_fire,0
Firefly_(TV_series),0
Baboon,0
Superman,0
Seychelles,1
John_Logie_Baird,2
Euphrates,1
Sesame,0
Parsnip,0
Jupiter,0
Economic_inequality,0
Flower,0
Battle_of_Warsaw_(1920),2
The_Count_of_Monte_Cristo,0
Isles_of_Scilly,0
Hurricane_Alex_(2004),2
Bottlenose_Dolphin,0
Poison_gas_in_World_War_I,0
Prehistoric_man,2
Society_of_Merchant_Venturers,0
Where_Did_Our_Love_Go,0
History_of_Earth,0
Hurricane_John_(1994),2
Spanish_Inquisition,0
Economy_of_the_Republic_of_Ireland,0
Neon,2
Polish-Muscovite_War_(1605–1618),0
Radio_frequency,2
Fauna_of_Australia,0
Bluegrass_music,0
Cyberpunk,0
Adolf_Hitler,0
Thorax,0
Olympic_Games,0
Peanut,0
X_Window_System,0
African_Black_Oystercatcher,0
The_Lord_of_the_Rings,0
Lomé,0
Trans-Siberian_Railway,0
Mummy,0
Hurricane_Lenny,2
Universe,0
Animal_law,0
Abbot,2
Hugo_Wolf,1
New_moon,2
USS_Wisconsin_(BB-64),2
Liberal_democracy,0
Louis_Pasteur,0
British_Isles,0
Mount_St._Helens,2
Smog,0
U.S._Navy_Marine_Mammal_Program,0
Armia_Krajowa,0
Berlin,2
Chestnut,1
Roentgenium,1
Bioinformatics,0
Canada,2
Glasses,0
Wheat,0
Denmark,1
Pontiac's_Rebellion,1
Vulture,0
Holmium,2
Qur'an,2
Southern_United_States,0
Battle_of_the_Bulge,0
Sanskrit,0
Japanese_yen,1
14th_century,2
Abbadid,0
Abidjan,2
Crossbill,0
Mackenzie_River,2
Westport_Country_Playhouse,2
Manganese,1
Church_of_Ireland,2
Belize,0
Supermarine_Spitfire,0
Video,2
Differential_geometry_and_topology,2
Waheguru,2
Beetle,0
List_of_animal_welfare_groups,0
Ireland,0
BAE_Systems,1
Sociology,1
Harlem_Globetrotters,2
Anschluss,0
Pleiades_(star_cluster),0
History_of_the_Panama_Canal,0
Film,0
Kashmir_region,0
Earth,0
Sumo,0
Sun,0
Blood_type,2
Ars_moriendi,2
Plover,0
Neodymium,0
Zebra,0
El_Niño-Southern_Oscillation,2
Short-beaked_Echidna,2
Finland,0
Thomas_Samuel_Kuhn,2
Tone_cluster,0
One_Flew_Over_the_Cuckoo's_Nest_(novel),0
Zuid-Gelders,0
Onion,0
Screw,0
Svalbard,2
Wales,0
Abkhazia,2
Terik,0
Archbishop_of_Canterbury,2
African_Darter,0
Jesus,2
Jane_Austen,2
Nikola_Tesla,0
Lost_(TV_series),1
Alexander_the_Great,0
Oman,0
Tuvalu,2
Eskimo,0
Blackbird,0
Guinea,2
Urial,0
8th_century,2
Husein_Gradaščević,2
Actuary,2
Claude_Monet,2
Felice_Beato,2
Trigonometry,0
The_Importance_of_Being_Earnest,0
Fishing,0
Ben_Jonson,2
Donation,0
Superconductivity,2
Akhenaten,0
South_Korea,2
Local_community,0
United_for_Peace_and_Justice,0
Bolivia,0
Giuseppe_Verdi,2
Borage,0
Elizabeth_I_of_England,2
Vampire,0
Women's_rights,2
Atlantic_slave_trade,0
Tropical_Storm_Isabel_(1985),2
Layla,0
Comet_White-Ortiz-Bolelli,0
Six-party_talks_concerning_North_Korea's_nuclear_program,2
Chess,1
Hurricane_Camille,2
Brasília,2
"Aradia,_or_the_Gospel_of_the_Witches",2
Joseph_and_the_Amazing_Technicolor_Dreamcoat,0
Song_Thrush,0
Antonio_Vivaldi,2
Forensic_facial_reconstruction,2
Blackjack,0
The_Fens,0
Mathematical_analysis,2
Biofuel,0
Volga_River,0
Moon,0
W._Mark_Felt,2
Maize,0
Measurement,2
Mozilla_Firefox,2
Soup,0
Crusades,0
Keurusselkä,0
Hermann_Maier,2
Cai_Lun,0
Hollandic,0
Ladysmith_Black_Mambazo,2
Capacitance,1
Malcolm_III_of_Scotland,2
Guangzhou,2
Harald_Maddadsson,2
The_Marriage_of_Figaro,2
Fort_de_Chartres,1
Malaspina_Glacier,2
Card_game,0
Bank_of_China_(Hong_Kong),2
John_A.T._Robinson,0
Necktie,0
Retreat_of_glaciers_since_1850,2
Stained_glass,0
Comet_Hale-Bopp,0
Communication,0
Corrosion,0
Akrotiri_and_Dhekelia,0
Buffy_the_Vampire_Slayer,0
Apaochi,0
Imperative_programming,2
Brute_force_attack,0
Attention-deficit_hyperactivity_disorder,0
Warren_G._Harding,2
Francis_Drake,0
Milky_Way,0
Turin,2
Jehovah,2
B_vitamins,0
Acts_of_Union_1707,2
Goldfish,0
Volcanic_pipe,0
Lake_Mead,2
Aleksey_Arakcheyev,2
Greater_Cane_Rat,0
Pan_Am_Flight_103,1
London,0
Season,2
Henry_H._Rogers,0
MINI_(BMW),0
Roman_Catholic_Church,2
Carbon_dioxide,0
Aphid,0
Tunis,2
Kookaburra,0
Haemophilia,0
Nutmeg,0
Fencing,0
Creative_Commons,2
Andorra,1
Clone_Wars_(Star_Wars),0
Double-decker_bus,0
Nile,0
Gmail,0
Electric_field,0
Philippines,0
Boolean_logic,2
Lagos,0
AC_DC,0
Sermon_on_the_Mount,0
Wikimedia_Foundation,2
Pac-Man,0
"Mount_Osmond,_South_Australia",0
Flat_Earth,0
Ordinary_differential_equation,0
Ernest_Rutherford,2
Calcium_chloride,0
Horse,0
Michael_Woodruff,2
Middle_Ages,0
Jiaogulan,0
Bicycle,0
History_of_South_Carolina,1
Paul_McCartney,2
Soddo_language,0
Euro,0
Nephron,0
Geometry,2
Religion,0
Canadian_Senate,2
Time_zone,0
1980_eruption_of_Mount_St._Helens,0
Pigment,2
Internet_Explorer,2
Jerry_Fodor,0
European_Greenfinch,0
Revolution,0
Floris_and_Blancheflour,0
Abel_Tasman,2
Wyndham_Robertson,2
Lithium_aluminium_hydride,0
Retina,0
Natural_selection,2
Auckland,0
Creationism,0
Angola,2
Richard_Stallman,0
Last_Supper,0
Logba_language,0
Sun_Tzu,1
Tropical_Storm_Leslie_(2000),2
Skylark,0
Tantalum,0
Johann_Sebastian_Bach,0
Roman_Britain,0
Avalanche,0
Cook_Islands,2
England_expects_that_every_man_will_do_his_duty,0
Gibraltar,0
Globular_cluster,0
George_IV_of_the_United_Kingdom,2
Glacier_National_Park_(US),2
Egyptian_pyramids,0
California_Southern_Railroad,2
Yom_Kippur_War,0
Buddhist_art,2
Kite_(bird),0
Tottenham_Hotspur_F.C.,2
Myco-heterotrophy,0
Scheme_programming_language,0
Crab_Nebula,2
Forth_Road_Bridge,0
Comoros,2
Mass_media,0
Oroonoko,0
Microsoft_Windows,2
Dubnium,2
John_Adams,2
Thomas_Malthus,0
Berkelium,2
Tigris,0
Grange_Hill,2
Watling_Street,2
Labor_Day_Hurricane_of_1935,0
Saint_Vincent_and_the_Grenadines,2
Industry,1
Hampstead_Heath,0
Catherine_II_of_Russia,2
Milgram_experiment,2
Human_abdomen,2
Donald_Duck,0
French_Guiana,0
Tokelau,2
Serenity_(film),0
Antoine_Lavoisier,0
7th_century,2
Gull,0
Laws_in_Wales_Acts_1535–1542,2
Gustavus_Franklin_Swift,0
Weather_forecasting,2
Durham_Cathedral,2
Mount_Everest,0
Anaconda,0
William_IV_of_the_United_Kingdom,2
Nicolaus_Copernicus,0
Battle_of_Bicocca,1
Citrus,0
Nematode,0
Martin_Van_Buren,2
Gottfried_Leibniz,0
Battle_of_Marathon,0
List_of_Asian_countries,2
Machu_Picchu,0
PRR_M1,0
Great_Spotted_Woodpecker,0
South_Georgia_and_the_South_Sandwich_Islands,2
Germany,0
Renormalization,0
Cyanocobalamin,0
Nigeria,0
Saturn,0
Nicaragua,0
Cerium,0
"Frederick_Hamilton-Temple-Blackwood,_1st_Marquess_of_Dufferin_and_Ava",2
Ankylosaurus,0
Amish,0
Rosa_Parks,2
Aral_Sea,0
Refrigerator_car,0
Sundew,0
Tijuana,0
Great_Black-backed_Gull,0
Ezra_Pound,2
Bionicle__Mask_of_Light,0
Walter_Scott,2
William_N._Page,1
Louis_Armstrong,2
Akkadian_Empire,1
Spirit_of_the_American_Doughboy,0
The_Absent-Minded_Beggar,2
Tropical_Storm_Zeta_(2005),2
Essential_oil,0
Henry_Morton_Stanley,2
House,0
Edema,0
Scelidosaurus,0
Meat,0
Christopher_Columbus,1
Cambridge,0
Henry_VII_of_England,2
Pi,0
Beaver,0
Pythagoras,0
Johann_Pachelbel,0
Hurricane_Dennis,2
Mendelevium,2
Batholith,0
Renminbi,2
Hamilton-Burr_duel,2
Frog,0
Colima_(volcano),0
Religious_Society_of_Friends,0
Gray_Wolf,0
Tagoi_language,0
Atom,0
Guinea-Bissau,1
Wrench,0
Photography,0
English_monarchs_family_tree,0
Papua_New_Guinea,0
Ajax_(programming),0
The_Mismeasure_of_Man,0
Bermuda,0
Potassium,0
Matilda_of_Boulogne,2
Dmitri_Mendeleev,2
Bruce_Lee,1
Gregor_Mendel,0
Reed_Warbler,0
Intelligence,0
Hardball_squash,2
Paleontology,0
Cloud,0
Pre-Raphaelite_Brotherhood,2
Physical_science,0
Star_Wars_Episode_IV__A_New_Hope,0
Project_Vanguard,2
Lake_Powell,0
Iridium,0
Fractal,0
Sydney_Newman,2
Donald_Knuth,2
Muhammad,2
Malawi,2
Vladimir_Lenin,0
Comma_Johanneum,2
Warsaw,2
Beatles_for_Sale,0
47_Ursae_Majoris,2
Fascism,0
Senufo_languages,0
Cyclamen,0
Hadrian's_Wall,0
History_of_the_West_Indian_cricket_team,2
Claude_Lévi-Strauss,0
String_theory,0
Myanmar,0
Tribe,0
William_Mahone,2
"Constitution_of_May_3,_1791",2
Fruit,0
Tropical_Storm_Bilis_(2006),2
Marvin_Gaye,0
Zoroaster,2
Southern_Ocean,0
San_Francisco_garter_snake,0
Color_Graphics_Adapter,0
Inner_Hebrides,0
Barbary_Lion,0
Children's_rights_movement,0
Skåneland,2
Little_Women,0
Black_Seminoles,2
Alan_Turing,0
Moscow,0
Matter,0
Antlion,0
Mechanical_work,0
Dad's_Army,0
Poverty,0
F-35_Lightning_II,0
Golden_Gate_Highlands_National_Park,0
Lunar_eclipse,2
Great_Britain,2
Malwa_(Madhya_Pradesh),2
Pennine_Way,0
"Hyde_Park,_London",0
Thomas_Becket,2
Maglev_train,1
Limerick,1
James_II_of_England,2
Mount_Rainier,2
Negros_Oriental,2
Bruce_Springsteen,2
Myxobolus_cerebralis,0
Almond,0
São_Tomé,2
Egg_(food),0
Theatre_in_the_round,2
HSBC,2
English_peasants'_revolt_of_1381,0
Pro_Milone,0
Plains_Zebra,0
Gauss's_law,0
Roman_Vishniac,0
Cape_Verde,2
Tennis,0
Sonic_the_Hedgehog_(character),0
Economy_of_Scotland,2
Old_English_language,0
Dwight_D._Eisenhower,0
Technetium,0
Banksy,0
Renaissance_music,1
Cocos_(Keeling)_Islands,2
Quark,2
Virginian_Railway,0
Karikkoselkä,0
Grease_(film),0
Library,2
Winfield_Scott_(ship),0
John_Locke,2
Ganges_River,0
United_Nations,2
Autumn,0
Firecrest,0
Danube,1
Planetary_habitability,0
The_Children's_Machine,0
Amazon_parrot,0
Bede,2
Bette_Davis,2
Saxicola,0
Odysseus,0
Wader,0
Wood,0
Black_widow_spider,0
Greg_LeMond,2
University_of_Texas_at_Austin,2
Aberdeen,2
African_Jacana,0
Yuri_Knorosov,2
Napster,0
Clarinet,0
Rock_of_Gibraltar,0
Plutonium,0
White's_Tree_Frog,0
Rome,1
History_of_education,0
Egypt,0
Chew_Valley,0
Diego_Maradona,2
Matsuo_Bashō,1
John_Dee,0
Heard_Island_and_McDonald_Islands,2
Spherical_aberration,0
Cystic_fibrosis,0
Isospin,0
2005_Lake_Tanganyika_earthquake,0
Åland,2
Rock_Pigeon,0
Onion_dome,0
Oliver_Twist,0
Ollanta_Humala,2
Latin_America,0
Garden_Gnome_Liberation_Front,0
Cyprus,2
Polish–Muscovite_War_(1605–1618),0
Hepatocellular_carcinoma,2
Lyndon_B._Johnson,0
Global,0
Margin_of_error,0
Augustine_of_Hippo,0
Galveston_Hurricane_of_1900,2
Robert_Peel,2
Wellington,2
Athena,0
Chinese_Rites_controversy,2
Trigonometric_function,0
Momentum,0
Spinosaurus,0
Thomas_Pynchon,0
Laozi,2
Perl,0
Mandan,2
Soil_moisture,0
Lake_Malawi,0
Newshounds,0
Monarda_didyma,0
Winston_Churchill,2
Nepenthes_rajah,0
Franklin_D._Roosevelt,1
Cinema_of_the_United_States,0
West_Virginia,2
Hurricane_Vince_(2005),2
Clothing,0
Black-footed_Cat,0
Bassoon,1
Cyrus_the_Great,2
Acid_rain,0
Kigali,0
Krag-Jørgensen,0
Indonesian_language,0
Albert_Einstein,0
4_Vesta,2
Shark,0
Cryptography,0
Calvin_and_Hobbes,0
Geography,0
Federated_States_of_Micronesia,2
Wave–particle_duality,2
David_Beckham,2
Myocardial_infarction,2
Stanisław_Lem,2
Severn_crossing,2
Gold(III)_chloride,2
Snake_charming,0
Stephen_of_England,2
Shinto,0
Pea,0
Dundee,2
Evanton,0
Marie_Curie,2
Applied_mathematics,0
Nintendo,0
Stanisław_Koniecpolski,0
Henri_Matisse,2
Nahuatl_language,0
George_Herbert,2
Marcel_Lefebvre,2
Bridge,2
Aruba,2
Cockatiel,0
Auto_racing,0
Blue_shark,0
Therizinosaurus,0
Whale,0
Common_cold,0
Sperm_Whale,0
Piano,0
Michael_Ramsey,2
GlaxoSmithKline,0
Sanssouci,2
United_Arab_Emirates,0
Julius_Caesar,0
Washington_streetcars,2
Yuri_Gagarin,1
Weymouth,0
Andrew_Gonzalez,2
Life,0
Morecambe_Bay,0
Yellowhammer,0
Wolfgang_Amadeus_Mozart,2
Shaka,0
C++,2
Apatosaurus,0
T._S._Eliot,0
Wake_Island,2
Mole_(animal),0
Liberia,0
Joel_Brand,0
Barn_Owl,0
Leaning_Tower_of_Pisa,0
Christopher_Wren,2
The_Godfather,0
Christmas_Island,2
Alexander_Hamilton,0
"Louisville,_Kentucky",0
Wildebeest,0
Oil_reservoir,0
Drought,0
Emperor_Penguin,0
Pupil,0
Gowanus_Canal,1
Aksumite_currency,0
Spider,0
Tamarind,0
Eye_(cyclone),2
BBC_television_drama,0
Pitcairn_Islands,2
Diamond_simulant,0
Textile,0
Doctor_Who,2
Ragtime,0
Kiev,0
Irish_people,2
Stingray,0
Human_dignity,0
Azerbaijan,0
Tropical_Storm_Franklin_(2005),2
Andy_Warhol,0
Music_of_Albania,2
Worm,0
Tropical_Storm_Ana_(2003),2
Upsilon_Andromedae_d,2
Civil_War_token,2
Malcolm_II_of_Scotland,2
Society,0
History_of_Poland_(1945–1989),0
Lake_Kivu,0
Battle_of_Britain,0
Korea,1
Ebony,1
Malcolm_X,2
Xanadu_House,2
Vernon_Kell,0
Second_Crusade,2
Michigan_State_University,2
Lake_Baikal,0
Markup_language,0
Moorgate,1
Ganges_shark,0
Electron_beam_welding,0
Struthiomimus,0
The_Curious_Incident_of_the_Dog_in_the_Night-time,0
Gold,0
Kuiper_belt,0
African_Grey_Hornbill,0
Bongo_(antelope),0
African_Great_Lakes,0
Rock_Bunting,0
Earth's_atmosphere,2
Amazon_Rainforest,2
Czech_Republic,2
Hurricane_Ivan,2
Ike_Altgens,0
University_of_Cambridge,0
Soil,0
Beep_(SWBLW),0
Mesopotamia,0
Morecambe_and_Wise,0
Black_Wildebeest,0
Cat,0
Periodic_table,0
Soils_retrogression_and_degradation,0
Fossil_record,0
Kaffir_lime,0
Dik-dik,0
Dance,2
International_law,0
Michael_Jordan,0
"September_11,_2001_attacks",0
Johnston_Atoll,2
Disneyland_Railroad,1
"German_Crusade,_1096",0
French_Southern_and_Antarctic_Lands,0
Sustainable_forestry,0
1896_Summer_Olympics,2
Bantu,0
A_Wrinkle_in_Time,0
Precambrian,0
Geography_of_Texas,2
Butter,0
Super_Chief,0
Lake_Titicaca,1
Alligator,0
Toraja,0
Spring_Heeled_Jack,0
Nash_equilibrium,0
Hebrides,0
Baghdad,1
Matrix_(mathematics),2
Peaceful_coexistence,1
Tropical_Storm_Bonnie_(2004),2
Banknote,0
Paul_Dirac,2
Ivory-billed_Woodpecker,0
Vincent_van_Gogh,2
Tropical_cyclone,0
Fire,0
Christian_Bale,0
Flood,2
All_You_Need_Is_Love_(The_JAMs_song),0
Coconut_oil,0
Trapdoor_spider,0
Caribbean_Sea,0
Star_Trek,0
Sequoia,2
Mount_Baker,2
Ununhexium,2
Franklin_B._Gowen,2
Robert_Oppenheimer,0
Doom,0
Consolation_of_Philosophy,0
Das_Kapital,2
Medieval_literature,0
Space_Shuttle_Columbia_disaster,0
Evolution,0
Gone_with_the_Wind_(film),1
Sickle-cell_disease,0
Craton,2
Bjørnøya,0
Interpol,2
Jomsvikings,0
Bald_Eagle,0
"Robert_Baden-Powell,_1st_Baron_Baden-Powell",2
Gallium,0
Hafnium,2
Edward_IV_of_England,2
Samuel_Taylor_Coleridge,2
History_of_Solidarity,0
Benjamin_Franklin,0
Sponsorship_Directdebit,0
Antarctosaurus,0
London_Underground,0
Mirabilis_(plant),0
Mozambique,2
Analytical_Marxism,0
The_Beano,2
Walt_Whitman,2
New_York_City,2
First_Council_of_Nicaea,2
Organization,0
Chinese_language,0
Marginated_Tortoise,0
Working_poor,2
Schuttern_Gospels,2
Ward_Cunningham,0
Revised_Standard_Version,0
Battle_of_Midway,0
Economy_of_the_Iroquois,0
Church_of_England,2
List_of_areas_in_the_National_Park_System_of_the_United_States,2
Bean,0
Wombat,0
Blitzkrieg,0
Podcasting,2
George_W._Bush,0
CPU_cache,2
Hurricane_Edouard_(1996),2
Mosaic,2
Soybean,0
France,0
Islam,1
Dolphin,0
Algerian_Civil_War,0
Behavioral_finance,0
Captain_Marvel_(DC_Comics),0
Ghana,0
Rococo,0
Cyrus_K._Holliday,2
Anemia,0
Mysticism,0
Emu,0
Economy_of_Africa,0
Mary_Somerville,2
Pelagic_zone,0
Mary_II_of_England,2
George_Washington,2
Homestar_Runner,0
Carl_G._Fisher,0
Effect_of_Hurricane_Katrina_on_New_Orleans,0
Sony,2
Epic_of_Gilgamesh,0
Badminton,0
Tooth_development,2
Coffee,0
Dover,0
Édouard_Manet,0
Time,0
Science,0
Scramble_for_Africa,0
Thomas_More,2
Hurricane_Danny_(1997),2
Indium,0
Lesotho,2
David_Helvarg,0
Chromatic_aberration,0
Rwandan_Genocide,0
Jordan,1
Algiers,2
United_States_House_of_Representatives,2
Darling_River,0
Arab-Israeli_conflict,2
Cattle,0
Iron,0
Jan_Mayen,2
Islamic_republic,0
Stage_(theatre),2
Potato,0
Cocoa,0
Underground_(stories),0
Aberration_of_light,2
M-10001,2
Zambezi,0
Babur,2
Outer_Hebrides,0
Westminster_System,2
Anne_of_Great_Britain,2
"Washington,_D.C.",2
Mekong,2
Boyle_Roche,0
Idit_Harel_Caperton,0
Sandringham_House,2
Biodiesel,0
Benjamin_Mountfort,2
Yellow_River,2
Stockholm,2
Tsar_Bomba,0
Pliocene,0
A_Tale_of_a_Tub,0
Surtsey,0
Common_agouti,0
Naval_Battle_of_Guadalcanal,2
Whitney_Joins_The_JAMs,1
Arp2_3_complex,2
Hubble_Deep_Field,0
Electric_charge,0
Alcohol,0
